{"type":"FeatureCollection","features":[{"type":"Feature","properties":{"hasc":"RU.AD","name":"Adygey","name_ru":"Республика Адыгея"},"geometry":{"type":"MultiPolygon","coordinates":[[[[40.387,44.672],[40.5,44.359],[40.416,44.188],[40.482,44.003],[40.29,43.79],[39.648,43.989],[39.794,44.099],[39.712,44.2],[39.77,44.229],[39.947,44.09],[40.095,44.149],[40.09,44.274],[39.861,44.372],[39.841,44.584],[40.049,44.773],[39.955,44.82],[39.93,44.993],[39.67,45.056],[39.581,44.86],[39.42,44.823],[39.001,44.85],[38.57,45.033],[39.186,45.007],[39.618,45.182],[40.029,45.063],[40.301,45.095],[40.522,44.955],[40.815,44.475],[40.706,44.463],[40.529,44.748],[40.387,44.672]]]]}},{"type":"Feature","properties":{"hasc":"RU.AL","name":"Altay","name_ru":"Алтайский край"},"geometry":{"type":"MultiPolygon","coordinates":[[[[82.747,50.949],[82.53,50.766],[81.452,50.762],[81.391,50.996],[81.062,50.959],[81.124,51.221],[80.672,51.308],[80.623,51.207],[80.441,51.206],[80.469,50.975],[80.07,50.85],[80.079,50.757],[79.151,51.961],[77.872,53.307],[78.063,53.45],[77.956,53.558],[78.173,53.611],[78.291,53.483],[78.591,53.528],[78.693,53.656],[79.462,53.708],[80.1,54.058],[80.819,54.25],[80.857,54.365],[81.111,54.116],[81.448,54.087],[81.568,53.925],[81.829,53.921],[81.716,53.829],[81.817,53.707],[82.135,53.679],[82.453,53.514],[82.652,53.634],[82.702,53.801],[83.07,54.015],[83.288,54.034],[83.407,53.942],[83.484,54.088],[84.239,54.188],[84.419,54.135],[84.616,54.281],[85.141,54.418],[85.39,54.196],[86.11,53.961],[86.514,53.499],[86.904,53.47],[86.847,53.313],[86.628,53.225],[87.008,53.007],[86.945,52.783],[87.116,52.597],[86.91,52.636],[86.645,52.514],[86.719,52.13],[86.434,52.126],[86.353,52.032],[85.806,52.048],[85.851,51.888],[85.462,51.636],[85.485,51.574],[84.194,51.269],[84.14,51.113],[83.975,51.115],[84.499,50.967],[84.473,50.886],[84.604,50.837],[84.51,50.737],[84.051,50.648],[83.812,50.885],[83.41,51.015],[82.747,50.949]]]]}},{"type":"Feature","properties":{"hasc":"RU.AM","name":"Amur","name_ru":"Амурская область"},"geometry":{"type":"MultiPolygon","coordinates":[[[[130.503,48.857],[130.223,48.867],[129.714,49.278],[129.551,49.291],[129.471,49.432],[129.085,49.353],[128.995,49.451],[128.75,49.478],[128.776,49.586],[128.382,49.588],[128.251,49.5],[127.696,49.663],[127.515,49.835],[127.487,50.018],[127.594,50.226],[127.333,50.328],[127.295,50.747],[126.923,51.058],[126.974,51.32],[126.825,51.272],[126.916,51.386],[126.79,51.428],[126.833,51.527],[126.676,51.595],[126.724,51.713],[126.462,51.943],[126.557,52.121],[126.298,52.207],[126.44,52.285],[126.328,52.306],[126.194,52.535],[125.974,52.608],[126.113,52.764],[125.968,52.761],[125.833,52.895],[125.672,52.857],[125.739,52.979],[125.613,53.069],[125.123,53.197],[124.875,53.094],[123.586,53.547],[122.052,53.421],[121.952,53.554],[121.945,53.82],[121.626,54.044],[121.732,54.199],[121.701,54.419],[122.093,54.49],[121.93,54.577],[121.864,54.792],[121.672,54.784],[122.042,55.195],[121.914,55.212],[121.965,55.468],[121.75,55.613],[121.552,55.485],[121.372,55.508],[121.205,56.019],[120.109,55.891],[120.058,56.156],[120.49,56.276],[120.256,56.39],[120.281,56.457],[119.945,56.496],[119.773,56.606],[119.821,56.698],[119.623,56.786],[119.782,56.906],[120.384,57.027],[121.487,56.994],[121.645,56.771],[122.178,56.764],[122.677,56.506],[122.906,56.605],[123.29,56.441],[123.865,56.423],[124.544,55.921],[125.395,55.878],[125.609,55.768],[125.989,55.754],[126.165,55.611],[126.887,55.613],[127.074,55.705],[127.329,55.701],[127.417,55.6],[127.767,55.72],[128.986,55.501],[129.143,55.581],[129.035,55.679],[129.464,55.761],[130.724,55.773],[131.108,55.67],[132.548,55.723],[132.675,55.506],[132.927,55.424],[132.402,55.213],[132.35,55.08],[131.241,54.65],[131.12,54.342],[130.739,54.286],[130.378,53.929],[130.918,53.784],[131.387,53.777],[131.576,53.357],[131.444,53.222],[131.862,53.25],[131.827,53.187],[131.966,53.116],[132.323,53.237],[132.889,53.227],[133.504,53.536],[133.9,53.424],[134.552,53.574],[134.901,53.394],[134.709,53.338],[134.851,53.227],[134.823,53.09],[134.587,52.881],[134.692,52.631],[134.512,52.413],[133.276,52.666],[133.222,52.453],[133.393,52.291],[133.286,52.182],[132.851,52.167],[132.411,51.939],[132.319,51.794],[131.451,51.65],[131.52,51.392],[131.112,51.228],[130.98,51.011],[130.802,50.949],[130.862,50.856],[130.709,50.689],[130.991,50.641],[131.032,50.537],[130.924,50.418],[131.283,50.393],[131.48,50.211],[131.409,50.085],[131.531,49.8],[131.403,49.685],[131.51,49.39],[131.45,49.267],[131.097,49.197],[130.959,48.994],[130.503,48.857]]]]}},{"type":"Feature","properties":{"hasc":"RU.AR","name":"Arkhangel'sk","name_ru":"Архангельская область"},"geometry":{"type":"MultiPolygon","coordinates":[[[[44.513,60.932],[44.01,61.05],[43.744,60.997],[43.473,60.802],[43.134,60.827],[43.006,60.736],[42.714,60.882],[42.394,60.769],[42.097,60.891],[41.824,60.928],[41.766,60.846],[41.598,60.924],[41.387,60.85],[41.433,60.782],[41.346,60.722],[41.087,60.67],[40.438,60.797],[39.99,60.689],[39.623,60.774],[39.168,60.686],[38.679,60.742],[38.394,60.865],[38.381,60.996],[38.147,60.976],[38.203,61.089],[37.768,61.433],[37.95,62.014],[37.745,62.233],[37.478,62.294],[37.616,62.452],[37.602,62.622],[36.66,62.824],[36.351,63.025],[36.324,63.139],[36.462,63.25],[36.306,63.239],[36.372,63.32],[35.969,63.63],[36.528,63.677],[36.663,63.78],[36.607,63.946],[37.398,63.785],[37.973,63.927],[38.312,63.827],[38.001,63.94],[38.062,64.064],[37.888,64.212],[38.006,64.291],[37.788,64.365],[37.789,64.437],[37.617,64.354],[37.148,64.384],[36.747,64.683],[36.534,64.715],[36.503,64.818],[36.566,64.812],[36.444,64.924],[36.82,64.961],[36.848,65.152],[37.192,65.146],[37.875,64.894],[38.37,64.841],[38.367,64.763],[38.009,64.756],[38.127,64.672],[38.069,64.642],[38.489,64.738],[38.423,64.808],[39.548,64.542],[39.887,64.594],[39.773,64.582],[39.835,64.658],[40.785,64.46],[40.923,64.348],[41.81,64.304],[41.671,64.265],[41.889,64.245],[41.908,64.146],[41.723,64.129],[41.723,64.052],[41.746,64.135],[41.925,64.163],[41.814,64.31],[41.077,64.354],[40.511,64.536],[40.591,64.585],[40.503,64.563],[40.421,64.752],[40.502,64.662],[40.585,64.708],[40.348,64.819],[40.414,64.852],[40.297,65.012],[39.721,65.336],[39.705,65.479],[39.859,65.622],[40.435,65.79],[40.73,65.981],[41.639,66.136],[42.109,66.487],[42.273,66.515],[42.635,66.422],[42.544,66.381],[43.27,66.41],[43.677,66.235],[43.369,66.078],[43.844,66.192],[44.081,66.06],[44.026,66.003],[44.144,65.89],[44.069,66.231],[44.218,66.401],[45.607,66.089],[46.411,66.075],[47.137,65.835],[47.75,65.839],[47.678,65.943],[48.108,66.135],[48.931,66.109],[49.054,65.274],[49.615,65.32],[49.988,64.959],[50.431,64.854],[50.265,64.524],[49.561,64.61],[49.4,64.476],[48.916,64.497],[48.819,64.366],[48.434,64.36],[48.4,64.243],[47.805,64.398],[45.935,64.328],[45.424,64.228],[45.693,64.025],[46.378,63.931],[46.972,63.696],[47.007,63.556],[46.854,63.465],[47.019,63.294],[47.545,63.124],[47.031,62.886],[47.201,62.659],[47.166,62.346],[47.349,62.346],[47.376,62.218],[47.596,62.215],[47.646,62.333],[48.277,62.328],[48.194,62.481],[48.335,62.725],[48.616,62.73],[48.727,62.835],[49.586,62.769],[49.048,61.674],[49.513,61.61],[49.246,61.178],[48.516,61.063],[48.332,60.856],[47.961,60.888],[47.895,61.02],[47.482,61.074],[47.187,61.059],[47.071,60.86],[46.877,60.855],[46.495,61.028],[46.007,60.963],[45.737,61.037],[45.805,61.168],[45.283,61.202],[45.204,60.909],[44.513,60.932]]],[[[52.738,71.394],[53.054,71.231],[53.239,71.237],[53.241,71.14],[52.879,71.05],[52.67,71.214],[52.233,71.285],[52.585,71.385],[52.785,71.332],[52.738,71.394]]],[[[54.965,73.417],[56.566,73.154],[55.898,73.056],[56.435,73.02],[56.319,72.985],[55.669,72.945],[56.279,72.945],[56.129,72.78],[55.44,72.76],[55.844,72.733],[55.927,72.65],[55.669,72.654],[55.608,72.523],[55.353,72.558],[55.554,72.456],[55.167,72.445],[55.479,72.435],[55.367,72.284],[55.581,72.171],[55.417,72.097],[55.431,71.932],[55.255,71.917],[55.531,71.883],[55.663,71.623],[56.232,71.176],[57.614,70.707],[57.494,70.708],[57.473,70.592],[56.771,70.671],[57.267,70.542],[56.58,70.652],[56.685,70.569],[56.509,70.655],[56.616,70.715],[56.554,70.735],[56.205,70.722],[56.322,70.647],[56.211,70.638],[56.645,70.57],[56.508,70.519],[56.063,70.65],[55.815,70.67],[56.015,70.556],[55.702,70.598],[55.417,70.731],[55.351,70.707],[55.483,70.634],[55.277,70.681],[55.322,70.598],[55.171,70.544],[54.552,70.775],[54.457,70.726],[54.797,70.634],[54.304,70.76],[53.485,70.798],[53.346,70.86],[53.735,70.81],[53.678,70.877],[53.779,70.932],[53.546,71.068],[53.965,71.017],[53.911,71.07],[54.264,71.091],[54.011,71.134],[54.183,71.18],[54.102,71.208],[53.819,71.187],[53.85,71.131],[53.544,71.196],[53.3,71.423],[53.481,71.533],[53.167,71.406],[52.946,71.465],[53.033,71.401],[52.942,71.371],[52.91,71.446],[52.626,71.457],[52.708,71.531],[52.542,71.65],[52.543,71.561],[52.401,71.541],[52.463,71.463],[52.271,71.571],[52.198,71.519],[52.3,71.463],[51.919,71.456],[51.609,71.544],[51.44,71.78],[51.563,72.062],[51.867,72.152],[52.048,72.056],[52.215,72.129],[52.425,72.05],[52.382,72.177],[52.521,72.125],[52.435,72.208],[52.543,72.226],[52.457,72.275],[52.637,72.244],[52.725,72.318],[52.586,72.356],[52.754,72.325],[52.705,72.42],[52.837,72.43],[52.717,72.475],[52.985,72.573],[53.316,72.555],[52.748,72.538],[52.835,72.612],[52.692,72.618],[52.975,72.66],[52.401,72.715],[52.677,72.865],[53.416,72.869],[53.09,72.942],[53.418,72.994],[53.194,73.061],[53.194,73.137],[54.965,73.417]]],[[[51.029,80.098],[51.285,80.05],[51.159,79.971],[51.464,79.926],[50.042,79.961],[51.029,80.098]]],[[[50.106,80.221],[50.387,80.165],[50.046,80.042],[49.532,80.155],[50.106,80.221]]],[[[53.042,80.389],[53.946,80.231],[53.429,80.133],[52.223,80.257],[52.925,80.298],[52.756,80.342],[53.042,80.389]]],[[[50.888,80.935],[51.004,80.857],[50.226,80.755],[51.281,80.798],[51.797,80.711],[50.931,80.54],[49.675,80.475],[49.752,80.369],[49.592,80.35],[48.46,80.319],[48.915,80.279],[48.993,80.236],[48.832,80.211],[49.1,80.173],[48.502,80.202],[48.331,80.071],[47.667,80.086],[48.206,80.188],[47.84,80.198],[48.083,80.248],[47.142,80.156],[46.713,80.296],[47.235,80.381],[47.36,80.336],[47.182,80.307],[48.071,80.294],[48.197,80.331],[47.609,80.395],[48.291,80.41],[47.417,80.456],[48.288,80.552],[49.206,80.515],[49.205,80.587],[49.412,80.596],[49.255,80.631],[49.687,80.675],[48.984,80.779],[50.208,80.948],[50.41,80.923],[49.988,80.88],[50.888,80.935]]],[[[67.79,76.998],[68.577,76.956],[68.501,76.936],[68.835,76.868],[68.761,76.838],[69.075,76.701],[68.79,76.57],[68.95,76.532],[68.194,76.285],[68.306,76.246],[65.95,75.977],[63.808,75.613],[63.671,75.702],[63.45,75.592],[62.315,75.417],[61.933,75.44],[61.54,75.223],[61.386,75.211],[61.42,75.283],[61.342,75.29],[60.807,75.143],[60.744,75.01],[60.594,75.034],[60.666,75.11],[60.471,75.127],[60.525,75.081],[60.438,75],[59.79,75.01],[60.647,74.903],[60.165,74.845],[60.312,74.777],[60.204,74.721],[59.432,74.783],[59.879,74.612],[59.727,74.563],[59.069,74.721],[59.275,74.616],[59.086,74.622],[59.173,74.592],[59.065,74.472],[59.135,74.423],[58.242,74.562],[58.664,74.402],[58.605,74.384],[58.719,74.244],[58.636,74.236],[58.727,74.215],[58.265,74.16],[58.519,74.104],[58.155,74.114],[58.123,74.034],[58.246,73.985],[57.338,74.187],[57.541,74.078],[57.248,74.065],[57.8,73.95],[57.872,73.896],[57.763,73.884],[57.887,73.769],[57.642,73.713],[57.469,73.823],[56.936,73.841],[57.369,73.788],[57.622,73.619],[57.206,73.55],[56.669,73.7],[56.893,73.6],[56.748,73.586],[57.247,73.46],[56.906,73.3],[56.778,73.347],[56.723,73.231],[56.106,73.258],[55.927,73.427],[55.975,73.294],[54.931,73.44],[54.223,73.315],[54.069,73.358],[54.487,73.459],[54.232,73.482],[54.394,73.558],[55.425,73.693],[54.567,73.69],[54.242,73.594],[53.667,73.751],[54.783,73.952],[54.575,73.996],[55.025,74.156],[55.935,74.052],[55.103,74.252],[55.7,74.248],[55.292,74.352],[56.166,74.448],[55.561,74.544],[55.779,74.66],[56.933,74.669],[55.821,74.782],[56.504,74.901],[56.305,74.901],[56.396,74.973],[56.3,75],[55.836,74.959],[55.929,75.045],[55.755,75.07],[55.958,75.179],[56.294,75.158],[56.396,75.038],[57.016,75.23],[56.702,75.298],[57.029,75.379],[57.981,75.285],[57.561,75.483],[58.383,75.579],[57.981,75.631],[58.792,75.721],[58.74,75.806],[59.258,75.871],[59.046,75.882],[59.158,75.906],[60.437,75.963],[60.046,76.034],[60.288,76.09],[60.779,76.102],[60.467,76.004],[60.554,75.988],[61.046,76.027],[61.197,76.118],[60.898,76.147],[61.092,76.267],[62.41,76.252],[62.342,76.18],[62.548,76.152],[62.74,76.258],[63.031,76.185],[63.721,76.329],[64.354,76.267],[64.171,76.292],[64.56,76.379],[64.792,76.329],[64.86,76.362],[64.705,76.393],[65.285,76.444],[65.49,76.55],[66.096,76.498],[65.815,76.65],[67.048,76.94],[67.79,76.998]]],[[[57.975,80.475],[59.275,80.33],[58.717,80.321],[58.392,80.239],[58.489,80.227],[58.435,80.148],[57.869,80.094],[57.33,80.159],[57.233,80.395],[56.967,80.442],[57.975,80.475]]],[[[59.506,80.085],[59.89,80.023],[59.392,79.91],[58.855,80.019],[59.506,80.085]]],[[[61.819,80.867],[62.054,80.856],[62.204,80.746],[61.93,80.618],[61.991,80.584],[61.506,80.538],[61.415,80.494],[61.566,80.465],[61.121,80.371],[60.394,80.458],[59.669,80.383],[59.355,80.478],[59.462,80.523],[59.38,80.557],[59.417,80.65],[59.688,80.8],[61.819,80.867]]],[[[56.998,80.348],[57.204,80.306],[57.084,80.295],[57.192,80.198],[57.046,80.183],[57.079,80.083],[55.808,80.094],[56.189,80.19],[55.933,80.306],[56.998,80.348]]],[[[47.496,80.851],[48.525,80.794],[48.61,80.748],[48.438,80.74],[48.77,80.653],[47.465,80.733],[47.558,80.682],[47.29,80.681],[47.425,80.592],[46.573,80.544],[46.296,80.444],[46.053,80.451],[46.098,80.554],[45.552,80.508],[44.911,80.596],[47.496,80.851]]],[[[56.481,80.748],[56.964,80.669],[55.715,80.633],[55.848,80.731],[56.481,80.748]]],[[[55.098,80.867],[55.822,80.776],[54.896,80.717],[54.025,80.815],[55.098,80.867]]],[[[54.725,81.102],[56.163,81.013],[57.758,80.763],[57.081,80.675],[56.919,80.738],[57.075,80.734],[56.942,80.751],[57.004,80.76],[54.471,81.011],[54.725,81.102]]],[[[56.223,81.09],[58.217,80.919],[57.575,80.833],[56.123,81.088],[56.223,81.09]]],[[[58.825,80.875],[59.01,80.809],[58.508,80.725],[57.835,80.777],[58.825,80.875]]],[[[56.663,81.396],[57.827,81.294],[56.458,81.158],[55.453,81.267],[55.683,81.323],[56.567,81.244],[56.635,81.256],[56.363,81.393],[56.663,81.396]]],[[[57.615,81.554],[58.552,81.427],[57.994,81.373],[56.857,81.459],[57.615,81.554]]],[[[64.569,81.208],[65.263,81.185],[65.531,81.082],[65.363,81.058],[65.404,80.992],[65.317,80.984],[65.394,80.965],[65.08,80.987],[65.45,80.919],[64.544,80.723],[63.123,80.646],[62.513,80.798],[63.017,80.958],[63.892,81.044],[63.821,81.118],[64.067,81.181],[64.569,81.208]]],[[[61.427,81.123],[61.666,81.096],[61.06,80.906],[59.971,80.977],[61.427,81.123]]],[[[58.985,81.854],[59.327,81.808],[58.179,81.69],[58.009,81.723],[58.127,81.779],[57.908,81.804],[58.985,81.854]]],[[[63.265,81.706],[63.766,81.638],[62.963,81.581],[62.198,81.68],[63.265,81.706]]]]}},{"type":"Feature","properties":{"hasc":"RU.AS","name":"Astrakhan'","name_ru":"Астраханская область"},"geometry":{"type":"MultiPolygon","coordinates":[[[[47.875,45.569],[47.676,45.713],[47.574,45.636],[47.694,45.537],[47.599,45.557],[47.638,45.427],[47.501,45.498],[47.574,45.59],[46.894,45.571],[47.264,46.054],[46.952,46.052],[46.861,46.22],[46.606,46.283],[46.987,46.415],[46.998,46.523],[47.263,46.722],[46.864,46.989],[46.533,47.405],[46.813,47.586],[46.659,47.617],[46.383,47.412],[46.282,47.451],[45.753,47.837],[45.766,48],[45.58,47.997],[45.077,48.245],[45.053,48.365],[45.187,48.478],[45.4,48.466],[45.265,48.548],[45.588,48.569],[46.066,48.854],[46.256,48.849],[46.622,48.684],[46.492,48.443],[47.107,48.202],[47.097,48.105],[47.207,48.074],[47.018,48],[47.174,47.761],[47.377,47.676],[47.408,47.815],[48.052,47.763],[48.381,47.434],[48.608,47.415],[48.734,47.087],[49.005,46.767],[48.801,46.684],[48.581,46.774],[48.481,46.658],[49.151,46.37],[49.203,46.209],[49.016,45.992],[48.86,45.982],[48.856,45.848],[48.678,46.081],[48.81,45.784],[48.569,45.926],[48.596,45.846],[48.39,45.787],[48.239,45.603],[48.064,45.655],[47.875,45.569]]]]}},{"type":"Feature","properties":{"hasc":"RU.BK","name":"Bashkortostan","name_ru":"Республика Башкортостан"},"geometry":{"type":"MultiPolygon","coordinates":[[[[58.685,52.135],[58.772,52.077],[58.58,51.771],[58.286,51.705],[57.779,51.852],[57.253,51.561],[56.958,51.742],[56.954,51.619],[56.808,51.584],[56.848,51.677],[56.671,51.853],[56.764,51.939],[56.653,52.084],[56.468,52.2],[56.35,52.122],[56.252,52.184],[56.456,52.353],[56.354,52.52],[56.411,52.588],[56.077,52.672],[55.807,52.376],[55.527,52.427],[55.455,52.608],[55.231,52.679],[55.398,52.748],[55.334,52.869],[55.086,52.869],[54.897,53.246],[54.623,53.241],[54.507,53.359],[54.213,53.402],[53.633,53.813],[53.392,54.058],[53.373,54.268],[53.684,54.895],[53.144,55.108],[53.932,55.417],[54.205,55.732],[53.798,55.98],[54.388,56.306],[54.621,56.558],[54.963,56.405],[55.861,56.5],[56.106,56.289],[56.499,56.384],[56.869,56.114],[57.206,56.188],[57.417,56.342],[57.56,56.136],[58.316,56.109],[58.561,56.185],[58.925,56.081],[59.321,56.181],[59.361,56.115],[59.212,56.05],[59.134,55.836],[59.323,55.769],[59.322,55.639],[59.652,55.607],[59.5,55.481],[59.192,55.456],[59.054,55.3],[58.734,55.285],[58.637,55.187],[58.847,55.068],[58.723,54.999],[58.61,54.972],[58.266,55.207],[57.964,54.961],[58.053,55.28],[57.55,55.341],[57.268,55.249],[57.128,55.087],[57.277,54.986],[57.178,54.866],[57.98,54.424],[58.413,54.563],[58.716,54.499],[58.794,54.586],[59.252,54.634],[59.701,54.937],[59.916,54.891],[59.927,54.76],[59.684,54.521],[59.734,54.457],[59.651,54.387],[59.776,54.33],[59.727,54.171],[59.306,54.188],[59.195,54.026],[58.95,53.955],[58.816,53.605],[58.882,53.454],[58.818,53.281],[58.971,53.067],[58.84,52.972],[58.772,52.647],[58.928,52.329],[58.722,52.264],[58.685,52.135]]]]}},{"type":"Feature","properties":{"hasc":"RU.BL","name":"Belgorod","name_ru":"Белгородская область"},"geometry":{"type":"MultiPolygon","coordinates":[[[[39.248,50.116],[39.374,49.994],[39.292,49.85],[38.972,49.803],[38.689,49.998],[38.405,49.988],[38.339,50.086],[38.034,49.923],[37.652,50.177],[37.647,50.305],[37.482,50.354],[37.492,50.435],[36.66,50.229],[36.459,50.335],[36.315,50.294],[36.074,50.464],[35.631,50.361],[35.413,50.59],[35.491,50.771],[35.347,51.016],[35.845,50.977],[36.039,51.19],[36.61,51.086],[37.158,51.317],[38.034,51.426],[38.546,51.249],[38.492,51.059],[38.935,51.032],[38.986,50.912],[38.821,50.824],[39.289,50.561],[39.17,50.55],[39.138,50.427],[39.248,50.116]]]]}},{"type":"Feature","properties":{"hasc":"RU.BR","name":"Bryansk","name_ru":"Брянская область"},"geometry":{"type":"MultiPolygon","coordinates":[[[[31.801,52.12],[31.595,52.303],[31.576,52.51],[31.666,52.553],[31.515,52.689],[31.602,52.776],[31.251,53.035],[31.429,53.195],[31.632,53.232],[31.931,53.087],[32.307,53.126],[32.509,53.295],[32.915,53.423],[32.947,53.572],[33.357,53.816],[33.284,53.871],[33.358,53.969],[33.702,54.02],[33.952,53.852],[34.23,53.87],[34.51,53.683],[34.531,53.442],[35.018,53.363],[35.126,53.285],[35.091,53.151],[35.283,53.067],[34.771,52.889],[35.037,52.787],[35.05,52.698],[34.954,52.681],[35.027,52.559],[34.839,52.467],[34.955,52.376],[34.812,52.23],[34.644,52.223],[34.649,52.099],[34.323,52.045],[34.298,51.962],[34.414,51.938],[34.327,51.872],[34.08,51.997],[34.114,52.134],[33.831,52.357],[33.51,52.293],[33.53,52.35],[33.196,52.375],[32.909,52.244],[32.387,52.346],[32.361,52.145],[32.21,52.057],[31.934,52.03],[31.801,52.12]]]]}},{"type":"Feature","properties":{"hasc":"RU.BU","name":"Buryat","name_ru":"Республика Бурятия"},"geometry":{"type":"MultiPolygon","coordinates":[[[[107.23,50.002],[106.758,50.322],[106.279,50.296],[106.047,50.412],[105.388,50.479],[104.405,50.305],[104.061,50.155],[103.804,50.209],[103.67,50.139],[103.313,50.204],[103.205,50.313],[102.916,50.314],[102.294,50.61],[102.358,50.74],[102.225,50.841],[102.197,51.338],[101.578,51.5],[101.377,51.458],[100.516,51.75],[99.976,51.758],[99.049,52.072],[98.971,52.217],[98.648,52.279],[98.648,52.435],[98.933,52.686],[98.964,52.806],[98.863,52.82],[98.929,52.927],[99.197,52.878],[99.368,53.125],[100.269,53.41],[100.447,53.062],[101.383,52.636],[101.696,52.372],[102.018,52.234],[102.564,52.228],[102.85,51.938],[103.127,51.858],[103.245,51.496],[103.809,51.376],[103.808,51.121],[104.549,51.285],[104.693,51.544],[105.364,51.778],[106.501,52.594],[107.551,52.973],[108.091,53.294],[108.499,54.023],[108.598,54.542],[108.527,54.54],[108.674,54.678],[108.735,55.232],[108.636,55.3],[108.66,55.585],[108.878,55.915],[109.208,55.968],[108.96,56.024],[108.828,56.22],[108.553,56.339],[108.705,56.47],[108.69,56.565],[109.682,56.701],[109.987,56.969],[111.119,56.82],[111.534,57.126],[111.8,56.928],[112.425,56.855],[112.68,56.956],[112.692,56.816],[112.88,56.714],[113.568,56.68],[113.924,56.55],[114.157,56.702],[114.821,56.743],[115.076,57.118],[115.627,57.123],[115.909,57.236],[116.242,57.145],[115.596,56.869],[115.626,56.726],[115.462,56.635],[115.787,56.46],[115.714,56.351],[115.857,56.162],[115.799,56.01],[115.96,55.372],[116.413,55.337],[116.825,55.08],[116.95,54.874],[116.812,54.614],[115.568,54.391],[115.459,54.27],[114.617,53.948],[114.497,53.815],[113.983,53.714],[113.845,53.615],[113.846,53.411],[113.944,53.276],[114.176,53.207],[114.131,53.107],[114.325,53.066],[114.292,52.94],[114.066,52.678],[113.774,52.627],[113.566,52.476],[112.602,52.355],[112.408,52.232],[112.057,52.279],[111.621,51.94],[111.042,51.8],[110.657,51.497],[109.966,51.594],[109.247,51.35],[108.595,51.484],[108.372,51.182],[108.549,51.094],[108.295,51.008],[108.247,50.749],[108.09,50.659],[108.656,50.459],[108.607,50.386],[107.984,50.266],[107.72,50.067],[107.714,49.961],[107.23,50.002]]]]}},{"type":"Feature","properties":{"hasc":"RU.CN","name":"Chechnya","name_ru":"Республика Чечено-Ингушская"},"geometry":{"type":"MultiPolygon","coordinates":[[[[45.751,42.486],[45.34,42.53],[45.089,42.696],[45.311,43.309],[45.198,43.348],[45.218,43.438],[44.928,43.536],[44.95,43.636],[45.12,43.684],[45.158,43.884],[45.447,43.811],[45.569,43.975],[46.089,43.9],[46.084,43.778],[46.424,43.995],[46.619,43.79],[46.367,43.417],[46.555,42.922],[46.249,42.865],[46.145,42.802],[46.233,42.713],[45.751,42.486]]]]}},{"type":"Feature","properties":{"hasc":"RU.CL","name":"Chelyabinsk","name_ru":"Челябинская область"},"geometry":{"type":"MultiPolygon","coordinates":[[[[60.828,52.627],[61.072,52.338],[60.217,52],[59.984,52.054],[60.234,52.277],[60.182,52.428],[59.482,52.498],[59.287,52.449],[59.289,52.301],[58.823,52.515],[58.818,52.896],[58.971,53.067],[58.818,53.281],[58.882,53.454],[58.816,53.605],[58.95,53.955],[59.195,54.026],[59.306,54.188],[59.727,54.171],[59.776,54.33],[59.651,54.387],[59.734,54.457],[59.684,54.521],[59.927,54.76],[59.916,54.891],[59.701,54.937],[59.252,54.634],[58.794,54.586],[58.716,54.499],[58.413,54.563],[57.98,54.424],[57.178,54.866],[57.277,54.986],[57.135,55.125],[57.55,55.341],[58.053,55.28],[58.006,54.952],[58.266,55.207],[58.61,54.972],[58.847,55.068],[58.637,55.187],[58.734,55.285],[59.054,55.3],[59.192,55.456],[59.5,55.481],[59.652,55.607],[59.322,55.639],[59.323,55.769],[59.134,55.836],[59.212,56.05],[59.367,56.143],[59.031,56.155],[59.195,56.376],[59.627,56.338],[59.722,56.252],[60.778,56.234],[61.14,56.254],[61.071,56.349],[61.156,56.404],[61.439,56.4],[62.12,56.133],[62.241,55.946],[62.541,55.773],[62.481,55.572],[62.576,55.523],[62.162,55.454],[62.211,55.347],[62.057,55.311],[62.253,55.116],[62.19,55.022],[61.961,55.048],[62.044,54.766],[62.184,54.684],[62.484,54.754],[62.714,54.669],[63.204,54.719],[63.288,54.532],[63.12,54.47],[63.109,54.369],[63.378,54.197],[62.816,54.116],[62.551,53.9],[62.442,53.937],[62.49,54.026],[62.421,54.056],[61.613,53.954],[61.395,54.089],[61.256,54.034],[61.256,53.918],[61.028,53.952],[60.99,53.897],[61.218,53.797],[60.916,53.617],[61.588,53.525],[61.258,53.503],[61.183,53.296],[61.667,53.252],[62.111,53.117],[62.137,53.006],[61.025,52.98],[61.057,52.897],[60.717,52.742],[60.715,52.654],[60.828,52.627]]]]}},{"type":"Feature","properties":{"hasc":"RU.CK","name":"Chukot","name_ru":"Чукотский А О"},"geometry":{"type":"MultiPolygon","coordinates":[[[[178.796,64.639],[177.638,64.696],[177.41,64.815],[177.573,64.927],[177.271,64.917],[176.956,65.069],[176.615,65.006],[176.409,65.067],[176.658,65.184],[176.577,65.194],[176.411,65.116],[176.418,65.036],[176.144,65.042],[176.608,64.977],[177.006,65.035],[177.341,64.805],[176.452,64.796],[176.24,64.892],[176.437,64.686],[176.201,64.61],[175.992,64.388],[176.166,64.365],[176.006,64.396],[176.246,64.608],[176.538,64.669],[176.767,64.537],[177.365,64.752],[177.537,64.731],[177.417,64.48],[177.853,64.234],[178.246,64.175],[178.121,64.231],[178.335,64.321],[178.306,64.377],[178.595,64.061],[178.257,63.982],[178.695,63.943],[178.804,63.613],[178.635,63.677],[178.789,63.605],[178.356,63.635],[178.284,63.563],[178.768,63.57],[178.657,63.529],[178.745,63.545],[178.766,63.461],[178.63,63.477],[178.754,63.373],[178.891,63.411],[178.816,63.595],[178.985,63.352],[178.84,63.377],[178.894,63.307],[179.454,63.116],[179.464,63.055],[179.065,62.976],[179.266,63.027],[179.328,62.896],[179.525,62.864],[179.625,62.739],[179.612,62.655],[179.457,62.679],[179.6,62.636],[179.416,62.498],[179.109,62.439],[179.154,62.285],[178.083,62.533],[177.292,62.558],[176.692,62.457],[176.795,62.488],[176.731,62.529],[176.271,62.29],[175.265,62.137],[175.196,62.002],[174.831,61.921],[174.638,61.975],[174.76,61.89],[174.469,61.806],[174.238,62.079],[174.051,62.089],[174.029,62.21],[173.925,62.239],[174.092,62.329],[174.042,62.405],[173.673,62.5],[172.769,62.311],[171.939,62.412],[171.231,62.232],[171.091,62.32],[170.698,62.17],[170.089,62.197],[169.835,62.453],[169.824,62.581],[168.293,63.007],[169.447,63.581],[169.2,63.868],[168.863,63.9],[168.642,64.148],[168.445,64.167],[168.342,64.291],[167.526,64.287],[167.512,64.384],[167.096,64.587],[166.762,64.484],[166.018,64.587],[165.805,64.512],[165.653,64.714],[165.112,64.813],[164.952,64.79],[164.873,64.644],[164.189,64.889],[163.532,64.911],[163.158,64.777],[163.234,64.669],[162.792,64.661],[161.908,64.85],[161.686,65.043],[160.64,65.175],[160.132,65.5],[158.968,65.75],[158.978,65.99],[159.244,66.203],[158.746,66.266],[158.456,66.426],[158.976,66.798],[158.817,66.878],[158.825,67.032],[157.97,67.227],[157.831,67.544],[157.882,67.68],[158.361,67.745],[158.17,67.842],[158.59,68.096],[158.959,68.087],[159.347,68.212],[159.744,68.164],[159.991,68.264],[160.736,68.236],[161.408,68.386],[162.401,68.251],[162.677,68.639],[162.551,68.728],[162.773,68.82],[162.439,68.963],[162.505,69.113],[162.706,69.129],[162.195,69.496],[162.368,69.588],[162.363,69.675],[163.679,69.671],[164.021,69.754],[164.6,69.577],[166.908,69.469],[167.942,69.769],[168.1,69.673],[167.94,69.646],[168.285,69.541],[168.203,69.423],[168.317,69.213],[169.335,69.079],[169.431,68.997],[169.415,68.854],[169.602,68.769],[170.331,68.838],[170.627,68.731],[170.355,68.841],[170.625,68.923],[170.717,68.802],[170.665,68.87],[170.747,68.887],[170.655,68.927],[171.16,69.031],[170.89,69.163],[170.935,69.275],[170.656,69.562],[170.153,69.594],[170.629,69.759],[170.526,69.911],[170.61,70.102],[172.75,69.963],[173.277,69.754],[173.518,69.8],[173.19,69.872],[173.454,69.933],[173.744,69.81],[174.021,69.892],[176.156,69.778],[176.096,69.863],[175.748,69.876],[176.104,69.877],[176.297,69.791],[176.231,69.76],[176.952,69.625],[178.875,69.379],[179.093,69.305],[178.74,69.367],[178.709,69.286],[179.315,69.254],[179.977,68.98],[179.582,69.106],[179.694,69.003],[179.998,68.981],[179.998,65.027],[179.523,64.8],[178.796,64.639]]],[[[-172.403,65.537],[-172.298,65.477],[-172.447,65.464],[-172.379,65.428],[-172.153,65.424],[-172.182,65.261],[-172.695,65.219],[-172.242,65.213],[-172.098,65.063],[-173.187,64.765],[-172.9,64.833],[-172.744,64.761],[-173.081,64.647],[-172.834,64.654],[-172.974,64.567],[-172.723,64.604],[-172.332,64.448],[-172.596,64.373],[-172.727,64.398],[-172.759,64.508],[-172.96,64.492],[-173.037,64.448],[-172.805,64.435],[-172.838,64.301],[-172.923,64.406],[-172.936,64.261],[-173.177,64.248],[-173.291,64.284],[-173.25,64.369],[-173.371,64.302],[-173.159,64.441],[-173.285,64.475],[-173.627,64.325],[-173.812,64.373],[-173.719,64.467],[-173.971,64.408],[-174.228,64.65],[-174.677,64.732],[-174.592,64.839],[-174.685,64.912],[-174.711,64.819],[-174.916,64.799],[-174.856,64.779],[-174.952,64.79],[-174.937,64.867],[-175,64.767],[-175.424,64.775],[-175.334,64.843],[-175.879,65.001],[-175.729,65.14],[-175.891,65.259],[-175.928,65.418],[-176.981,65.632],[-176.879,65.66],[-177.412,65.471],[-178.439,65.469],[-178.539,65.508],[-178.403,65.704],[-178.616,65.748],[-178.872,65.994],[-178.496,66.109],[-178.455,66.379],[-178.91,66.152],[-179.079,66.236],[-179.067,66.373],[-179.16,66.265],[-179.458,66.327],[-179.211,66.187],[-179.292,66.13],[-179.615,66.177],[-179.795,66.097],[-179.756,65.784],[-179.479,65.629],[-179.279,65.629],[-179.441,65.56],[-179.375,65.49],[-179.482,65.417],[-179.97,65.366],[-179.873,65.296],[-179.941,65.364],[-179.479,65.371],[-179.675,65.138],[-179.998,65.048],[-179.998,68.979],[-178.844,68.75],[-178.719,68.679],[-178.72,68.54],[-178.003,68.408],[-177.923,68.317],[-178.05,68.248],[-177.625,68.308],[-177.749,68.24],[-177.279,68.227],[-177.131,68.106],[-176.738,68.05],[-176.941,67.978],[-176.683,67.917],[-175.99,67.862],[-176.129,67.8],[-176.067,67.727],[-176.767,67.729],[-175.908,67.635],[-175.49,67.496],[-175.44,67.539],[-175.635,67.53],[-175.714,67.573],[-175.663,67.616],[-176.01,67.731],[-175.75,67.792],[-175.257,67.656],[-175.31,67.623],[-175.161,67.518],[-175.173,67.432],[-175.345,67.292],[-174.962,67.44],[-174.748,67.312],[-174.87,67.272],[-174.915,67.079],[-174.711,66.918],[-174.703,66.753],[-175.002,66.661],[-174.44,66.529],[-174.415,66.283],[-174.148,66.417],[-174.206,66.466],[-174.023,66.471],[-173.933,66.344],[-174.073,66.25],[-173.952,66.198],[-173.794,66.305],[-173.893,66.333],[-173.686,66.429],[-174.227,66.573],[-173.861,66.661],[-174.003,66.981],[-174.491,67.027],[-173.631,67.11],[-173.053,67.043],[-173.306,67.063],[-173.148,66.994],[-173.404,66.975],[-173.309,66.956],[-173.385,66.932],[-173.277,66.815],[-173.082,66.84],[-173.224,66.906],[-173.073,66.992],[-172.719,66.885],[-172.358,66.933],[-173.029,67.044],[-171.667,66.938],[-171.679,66.855],[-171.342,66.76],[-171.337,66.659],[-170.392,66.314],[-170.61,66.221],[-170.248,66.294],[-170.103,66.181],[-170.239,66.155],[-169.785,66.158],[-169.653,66.077],[-170.587,65.845],[-170.471,65.808],[-170.583,65.604],[-171.479,65.831],[-170.98,65.585],[-171.042,65.467],[-172.158,65.533],[-172.312,65.675],[-172.804,65.683],[-172.403,65.537]]],[[[168.538,70.015],[169.458,69.801],[169.271,69.756],[169.302,69.642],[169.187,69.555],[168.915,69.554],[167.78,69.809],[168.121,69.988],[168.538,70.015]]],[[[179.99,70.973],[178.821,70.79],[178.646,70.994],[178.802,71.02],[178.626,71.047],[178.848,71.121],[178.995,71.067],[178.907,71.103],[178.963,71.148],[178.773,71.133],[179.998,71.529],[179.99,70.973]]],[[[-179.012,71.583],[-178.281,71.519],[-177.433,71.221],[-177.921,71.021],[-179.142,70.896],[-179.998,70.979],[-179.998,71.529],[-179.012,71.583]]]]}},{"type":"Feature","properties":{"hasc":"RU.CV","name":"Chuvash","name_ru":"Чувашская Республика"},"geometry":{"type":"MultiPolygon","coordinates":[[[[47.658,56.158],[47.913,56.129],[48.03,55.957],[48.451,55.801],[48.055,55.659],[48.171,55.574],[47.726,55.317],[47.772,55.222],[47.974,55.312],[48.083,55.153],[47.931,55.055],[48.119,55.011],[47.805,54.98],[47.855,54.876],[47.733,54.824],[47.434,54.897],[47.379,54.83],[47.454,54.765],[46.872,54.633],[46.456,54.776],[46.276,54.959],[46.341,55.02],[46.284,55.08],[46.14,54.987],[46.057,55.181],[46.422,55.422],[45.978,55.644],[46.168,56.045],[46.722,56.134],[47.186,56.339],[47.395,56.334],[47.482,56.202],[47.658,56.158]]]]}},{"type":"Feature","properties":{"hasc":"RU.SP","name":"CityofSt.Petersburg","name_ru":"Санкт-Петербург"},"geometry":{"type":"MultiPolygon","coordinates":[[[[30.354,60.131],[30.352,60.051],[30.525,59.986],[30.517,59.851],[30.752,59.723],[30.237,59.614],[29.676,59.863],[29.695,59.933],[30.179,59.879],[29.591,60],[30.174,59.888],[30.25,59.967],[29.965,60.011],[29.869,60.163],[29.413,60.16],[29.638,60.266],[30.354,60.131]]]]}},{"type":"Feature","properties":{"hasc":"RU.DA","name":"Dagestan","name_ru":"Республика Дагестан"},"geometry":{"type":"MultiPolygon","coordinates":[[[[48.487,41.869],[48.402,41.612],[48.045,41.489],[47.891,41.225],[47.542,41.206],[47.262,41.325],[47.117,41.583],[47.01,41.556],[46.755,41.86],[46.561,41.808],[46.382,41.96],[45.94,42.027],[45.608,42.215],[45.745,42.305],[45.773,42.462],[46.233,42.713],[46.145,42.802],[46.555,42.922],[46.367,43.417],[46.619,43.79],[46.424,43.995],[46.084,43.778],[46.089,43.9],[45.569,43.975],[45.542,44.144],[45.219,44.146],[45.503,44.343],[45.297,44.431],[45.309,44.525],[45.598,44.701],[45.59,44.883],[45.828,45.016],[46.915,44.822],[46.793,44.693],[46.855,44.555],[46.754,44.521],[47.017,44.422],[47.098,44.229],[47.227,44.212],[47.525,43.836],[47.388,43.566],[47.457,43.497],[47.628,43.891],[47.757,43.891],[47.475,43.388],[47.603,43.313],[47.452,43.04],[47.707,42.879],[47.731,42.655],[48.487,41.869]]]]}},{"type":"Feature","properties":{"hasc":"RU.GA","name":"Gorno-Altay","name_ru":"Республика Алтай"},"geometry":{"type":"MultiPolygon","coordinates":[[[[86.621,49.781],[86.169,49.461],[85.278,49.59],[85.105,49.875],[84.981,49.921],[84.998,50.056],[84.241,50.292],[84.233,50.515],[84.051,50.648],[84.437,50.706],[84.604,50.837],[84.473,50.886],[84.499,50.967],[83.975,51.115],[84.14,51.113],[84.194,51.269],[85.485,51.574],[85.462,51.636],[85.851,51.888],[85.806,52.048],[86.353,52.032],[86.434,52.126],[86.719,52.13],[86.645,52.514],[86.819,52.605],[87.296,52.588],[87.32,52.508],[87.634,52.429],[87.917,52.547],[88.446,52.338],[88.396,52.142],[88.054,52.036],[87.916,51.809],[88.113,51.722],[87.906,51.588],[87.936,51.491],[88.406,51.292],[88.596,51.337],[88.81,51.538],[88.994,51.392],[88.936,51.286],[89.037,51.058],[89.866,50.459],[89.71,50.35],[89.486,50.459],[89.527,50.358],[89.327,50.236],[89.584,50.095],[89.636,49.826],[89.739,49.795],[89.682,49.71],[89.377,49.595],[89.24,49.654],[89.221,49.547],[88.992,49.477],[88.891,49.556],[88.863,49.45],[88.632,49.528],[88.223,49.49],[88.097,49.375],[88.197,49.287],[87.985,49.179],[87.313,49.1],[87.268,49.217],[86.952,49.297],[86.802,49.544],[86.634,49.582],[86.803,49.803],[86.621,49.781]]]]}},{"type":"Feature","properties":{"hasc":"RU.IN","name":"Ingush","name_ru":"Республика Ингушетия"},"geometry":{"type":"MultiPolygon","coordinates":[[[[45.083,42.695],[44.892,42.75],[44.768,42.626],[44.677,42.748],[44.715,42.856],[44.852,42.789],[44.98,42.885],[44.93,43.045],[44.644,43.182],[44.598,43.527],[44.791,43.477],[44.877,43.573],[45.218,43.438],[45.198,43.348],[45.311,43.309],[45.083,42.695]]]]}},{"type":"Feature","properties":{"hasc":"RU.IK","name":"Irkutsk","name_ru":"Иркутская область"},"geometry":{"type":"MultiPolygon","coordinates":[[[[104.489,51.31],[103.808,51.121],[103.809,51.376],[103.245,51.496],[103.127,51.858],[102.85,51.938],[102.564,52.228],[102.018,52.234],[101.696,52.372],[101.383,52.636],[100.447,53.062],[100.269,53.41],[99.368,53.125],[99.209,52.937],[98.877,53.059],[98.951,53.112],[98.864,53.149],[98.208,53.105],[98.192,53.217],[97.994,53.236],[97.923,53.36],[97.513,53.382],[96.815,53.753],[96.657,53.673],[96.427,53.706],[95.976,54.082],[95.582,54.247],[95.599,54.352],[96.009,54.574],[96.449,54.544],[96.616,54.863],[96.532,54.981],[96.619,55.18],[96.567,55.27],[96.819,55.335],[96.726,55.431],[96.745,55.611],[96.649,55.657],[96.676,55.789],[97.066,56.108],[97.36,56.125],[97.374,56.221],[97.48,56.216],[97.463,56.386],[97.816,56.411],[97.833,56.553],[97.679,56.587],[97.723,56.798],[97.432,56.809],[97.406,56.888],[97.549,56.974],[97.272,57.055],[97.851,57.808],[98.992,57.74],[99.362,57.802],[99.562,58.074],[99.931,58.09],[100.045,58.03],[100.005,57.864],[100.323,57.741],[100.344,57.55],[100.663,57.425],[100.873,57.502],[100.717,57.681],[100.714,57.886],[100.974,57.879],[101.148,58.046],[101.077,58.116],[101.47,58.247],[101.701,58.463],[102.079,58.513],[102.496,58.752],[102.321,59.044],[102.401,59.167],[102.89,59.306],[103.298,59.282],[103.174,59.189],[103.469,58.953],[103.879,58.893],[103.904,58.743],[104.193,58.771],[104.283,58.625],[104.435,58.61],[104.838,58.737],[104.734,58.874],[105.301,59.101],[105.278,59.231],[105.111,59.32],[105.145,59.444],[105.003,59.443],[104.736,59.673],[105.058,59.858],[105.494,59.849],[105.407,59.931],[105.434,60.265],[104.809,60.366],[104.477,60.603],[104.571,60.712],[104.448,60.806],[104.565,60.835],[104.597,61.039],[105.013,61.189],[104.919,61.343],[105.947,61.664],[105.886,61.793],[106.359,62.006],[106.436,62.175],[106.367,62.234],[106.747,62.468],[106.808,62.578],[106.482,62.657],[106.528,62.71],[106.204,62.901],[106.175,63.023],[106.397,63.053],[106.395,63.273],[106.743,63.323],[106.525,63.484],[106.76,63.793],[106.692,63.93],[107.528,63.839],[107.816,63.951],[108.291,63.92],[108.42,64.041],[108.07,64.231],[108.491,64.277],[108.564,64.036],[108.839,63.943],[108.853,63.801],[108.36,63.75],[108.238,63.509],[109.1,63.502],[109.306,63.318],[109.432,63.336],[109.503,62.934],[109.693,62.807],[109.322,62.531],[109.322,62.447],[109.473,62.345],[109.886,62.385],[109.985,62.263],[109.928,62.011],[109.571,61.806],[109.852,61.525],[109.81,61.303],[110.544,61.096],[110.258,60.675],[110.072,60.659],[110.132,60.572],[109.719,60.227],[109.658,60.096],[109.73,60.019],[109.223,59.429],[109.282,59.406],[109.197,59.317],[109.387,59.271],[109.525,59.057],[109.679,59.06],[109.723,58.968],[110.445,59.025],[110.664,59.235],[111.584,59.199],[111.964,59.289],[112.232,59.48],[112.315,59.409],[112.271,59.275],[112.609,59.306],[112.607,59.221],[112.38,59.132],[112.363,58.948],[112.471,58.844],[112.54,59.058],[112.72,58.991],[112.852,59.103],[113.453,59.246],[113.42,59.401],[113.601,59.536],[114.546,59.951],[114.519,60.056],[114.695,60.182],[114.969,60.2],[115.224,60.475],[115.674,60.524],[116.718,60.275],[117.06,60.012],[117.276,60.039],[117.039,59.863],[117.13,59.82],[117.148,59.532],[117.71,59.534],[117.815,59.415],[118.07,59.623],[118.232,59.607],[118.366,59.479],[118.739,59.413],[118.827,59.295],[118.69,59.198],[118.81,58.983],[118.765,58.595],[119.076,58.488],[119.089,58.224],[118.637,58.177],[118.188,58.379],[117.701,58.422],[117.427,58.288],[117.574,58.144],[117.385,58.13],[117.374,57.898],[117.072,57.823],[117.169,57.735],[117.114,57.679],[117.286,57.627],[117.204,57.53],[117.403,57.351],[117.365,57.268],[117.793,57.283],[117.577,57.166],[117.664,57.08],[117.537,56.85],[117.262,56.965],[117.096,56.83],[116.765,56.76],[116.074,56.846],[115.758,56.951],[116.242,57.145],[116.105,57.237],[115.809,57.229],[115.627,57.123],[115.076,57.118],[115.075,57.013],[114.766,56.717],[114.157,56.702],[113.861,56.553],[113.568,56.68],[113.241,56.645],[112.801,56.741],[112.68,56.956],[112.425,56.855],[111.8,56.928],[111.534,57.126],[111.119,56.82],[109.987,56.969],[109.682,56.701],[108.69,56.565],[108.705,56.47],[108.553,56.339],[108.828,56.22],[108.96,56.024],[109.208,55.968],[108.878,55.915],[108.66,55.585],[108.636,55.3],[108.735,55.232],[108.674,54.678],[108.527,54.54],[108.598,54.542],[108.499,54.023],[108.091,53.294],[107.551,52.973],[106.501,52.594],[105.364,51.778],[104.693,51.544],[104.615,51.329],[104.489,51.31]]]]}},{"type":"Feature","properties":{"hasc":"RU.IV","name":"Ivanovo","name_ru":"Ивановская область"},"geometry":{"type":"MultiPolygon","coordinates":[[[[42.282,56.456],[42.06,56.34],[41.934,56.369],[41.9,56.497],[41.099,56.443],[40.723,56.595],[40.314,56.51],[40.224,56.409],[39.822,56.611],[39.885,56.765],[39.438,56.761],[39.414,56.837],[39.609,56.931],[39.539,56.992],[39.648,57.055],[40.277,57.237],[40.175,57.271],[41.035,57.308],[41.157,57.425],[41.609,57.469],[41.618,57.712],[42.134,57.57],[42.842,57.666],[42.859,57.496],[42.774,57.451],[42.96,57.383],[43.146,57.421],[43.208,57.63],[43.237,57.434],[43.595,57.543],[43.873,57.362],[43.509,57.206],[43.498,57.114],[43.687,57.061],[43.515,56.883],[42.802,56.769],[42.801,56.662],[42.925,56.621],[42.913,56.473],[42.547,56.391],[42.282,56.456]]]]}},{"type":"Feature","properties":{"hasc":"RU.KB","name":"Kabardin-Balkar","name_ru":"Кабардино-Балкарская Республика"},"geometry":{"type":"MultiPolygon","coordinates":[[[[43.301,42.909],[42.893,43.17],[42.55,43.185],[42.586,43.539],[42.825,43.643],[42.851,43.749],[43.374,43.88],[43.476,43.742],[43.884,43.74],[44.073,43.924],[44.395,43.836],[44.521,43.949],[44.404,43.673],[44.531,43.574],[44.505,43.347],[44.183,43.341],[44.114,43.156],[43.933,43.265],[43.623,42.912],[43.301,42.909]]]]}},{"type":"Feature","properties":{"hasc":"RU.KN","name":"Kaliningrad","name_ru":"Калининградская область"},"geometry":{"type":"MultiPolygon","coordinates":[[[[22.39,54.346],[21.446,54.318],[19.793,54.437],[20.474,54.704],[20.086,54.65],[19.981,54.726],[19.964,54.64],[19.87,54.648],[19.978,54.961],[20.498,54.968],[20.951,55.277],[20.501,54.951],[21.091,54.893],[21.248,54.952],[21.18,55.205],[21.389,55.291],[22.071,55.026],[22.579,55.074],[22.857,54.902],[22.888,54.788],[22.688,54.591],[22.793,54.368],[22.39,54.346]]]]}},{"type":"Feature","properties":{"hasc":"RU.KL","name":"Kalmyk","name_ru":"Республика Калмыкия"},"geometry":{"type":"MultiPolygon","coordinates":[[[[45.407,45.205],[44.432,45.498],[44.047,45.877],[43.494,45.979],[42.945,46.226],[42.482,45.982],[42.328,45.972],[42.348,46.118],[42.198,46.134],[42.146,45.935],[41.723,46.01],[41.663,46.154],[42.221,46.343],[42.099,46.575],[42.722,46.345],[42.99,46.396],[43.425,46.154],[43.645,46.157],[43.786,46.396],[43.862,46.282],[43.969,46.322],[43.96,46.549],[43.844,46.578],[44.284,46.896],[44.373,47.443],[44.205,47.539],[43.958,47.28],[43.825,47.309],[43.731,47.47],[43.753,47.683],[44.058,47.805],[44.105,47.912],[44.459,47.903],[44.548,48.005],[44.349,48.072],[44.449,48.21],[44.636,48.176],[44.642,48.048],[44.918,48.06],[44.969,48.166],[45.331,48.131],[45.766,48],[45.753,47.837],[46.383,47.412],[46.659,47.617],[46.813,47.586],[46.533,47.405],[46.864,46.989],[47.263,46.722],[46.998,46.523],[46.987,46.415],[46.606,46.283],[46.861,46.22],[46.952,46.052],[47.264,46.054],[46.894,45.571],[47.574,45.59],[47.501,45.498],[47.594,45.44],[47.513,45.103],[47.378,45.215],[47.396,45.021],[47.116,44.788],[45.71,44.99],[45.407,45.205]]]]}},{"type":"Feature","properties":{"hasc":"RU.KG","name":"Kaluga","name_ru":"Калужская область"},"geometry":{"type":"MultiPolygon","coordinates":[[[[34.529,53.492],[34.51,53.683],[34.23,53.87],[33.952,53.852],[33.836,53.972],[33.484,54.064],[33.691,54.189],[33.702,54.5],[34.018,54.558],[34.492,54.496],[34.559,54.612],[34.461,54.691],[34.952,54.75],[34.889,54.861],[35.188,54.962],[35.377,55.229],[35.777,55.262],[36.299,55.142],[36.609,55.31],[36.641,55.227],[37.134,55.132],[37.238,54.827],[37.185,54.614],[36.844,54.489],[36.973,54.421],[36.98,54.281],[36.043,54.162],[36.156,54.123],[36.048,54.094],[36.244,54.08],[35.926,53.836],[36.029,53.653],[35.599,53.522],[35.53,53.419],[35.463,53.476],[35.264,53.29],[34.626,53.399],[34.529,53.492]]]]}},{"type":"Feature","properties":{"hasc":"RU.KQ","name":"Kamchatka","name_ru":"Камчатская край"},"geometry":{"type":"MultiPolygon","coordinates":[[[[156.797,50.953],[156.658,50.869],[156.761,51.071],[156.534,51.316],[156.458,52.172],[156.141,52.862],[155.553,55.248],[155.651,55.967],[155.739,56.097],[155.862,56.072],[155.736,56.112],[155.992,56.686],[156.47,56.954],[156.55,57.1],[156.732,57.071],[156.984,57.396],[156.959,57.602],[156.774,57.726],[157.003,57.857],[157.439,57.79],[157.677,58.017],[158.128,58],[159.173,58.513],[159.237,58.449],[159.189,58.529],[159.722,58.858],[159.865,59.132],[160.418,59.398],[160.496,59.556],[160.881,59.62],[161.473,60.031],[161.918,60.205],[161.948,60.42],[162.704,60.607],[162.898,60.752],[163.337,60.797],[163.308,60.733],[163.747,60.846],[163.49,61.01],[164.014,61.307],[163.979,61.416],[163.753,61.468],[163.873,61.65],[164.056,61.684],[164.157,62.275],[164.635,62.456],[165.321,62.331],[165.105,62.439],[165.627,62.434],[164.783,62.552],[164.438,62.692],[163.304,62.533],[163.155,62.417],[163.375,62.332],[163.078,62.222],[163.191,62.059],[162.969,61.805],[163.329,61.661],[163.01,61.515],[162.848,61.605],[162.933,61.661],[162.856,61.706],[162.638,61.656],[162.763,61.592],[162.447,61.667],[162.475,61.73],[162.284,61.884],[162.549,61.979],[162.2,62.105],[162.754,62.261],[162.801,62.439],[162.683,62.548],[162.83,62.645],[162.596,62.693],[162.672,62.742],[162.289,62.917],[162.426,63.091],[162.826,63.174],[162.748,63.368],[163.071,63.499],[162.789,63.725],[162.971,63.862],[162.866,64.119],[163.208,64.17],[163.51,64.339],[163.241,64.542],[163.158,64.777],[163.532,64.911],[164.189,64.889],[164.873,64.644],[164.952,64.79],[165.112,64.813],[165.653,64.714],[165.805,64.512],[166.018,64.587],[166.762,64.484],[167.096,64.587],[167.512,64.384],[167.526,64.287],[168.342,64.291],[168.445,64.167],[168.642,64.148],[168.863,63.9],[169.2,63.868],[169.447,63.581],[168.293,63.007],[169.824,62.581],[169.835,62.453],[170.089,62.197],[170.698,62.17],[171.091,62.32],[171.231,62.232],[171.939,62.412],[172.769,62.311],[173.673,62.5],[174.042,62.405],[174.092,62.329],[173.925,62.239],[174.456,61.872],[174.298,61.8],[174.051,61.843],[174.091,61.763],[173.833,61.644],[173.503,61.745],[173.497,61.544],[173.317,61.522],[173.268,61.43],[172.715,61.431],[172.968,61.286],[172.652,61.321],[172.793,61.265],[172.652,61.167],[172.39,61.227],[172.431,61.121],[172.248,61.131],[172.481,61.062],[172.422,61.013],[172.005,61.083],[172.22,60.968],[172.068,60.846],[171.706,60.833],[171.4,60.615],[170.796,60.517],[170.731,60.404],[170.542,60.429],[170.689,60.311],[170.432,60.293],[170.513,60.246],[170.396,60.2],[170.477,60.183],[170.464,60.055],[170.322,59.933],[169.959,60.069],[169.871,60.202],[170.031,60.229],[169.78,60.267],[169.621,60.446],[169.7,60.45],[169.267,60.538],[169.402,60.554],[169.25,60.615],[167.794,60.531],[167.465,60.406],[167.361,60.454],[167.4,60.388],[167.229,60.338],[167.063,60.413],[167.072,60.305],[166.79,60.225],[166.86,60.211],[166.296,59.812],[166.086,59.816],[166.314,60.194],[166.253,60.368],[166.389,60.413],[166.275,60.473],[165.75,60.258],[165.455,60.237],[165.225,60.085],[165.023,60.1],[165.195,60.006],[165.045,60],[165.234,59.991],[164.857,59.781],[164.714,59.997],[164.477,60.104],[164.153,59.933],[164.203,59.852],[164.066,59.898],[164.236,59.982],[164.05,60.021],[163.71,59.864],[163.521,59.89],[163.385,59.768],[163.416,59.62],[163.191,59.561],[163.276,59.551],[163.204,59.486],[163.334,59.401],[163.342,59.271],[163.074,59.247],[163.233,59.136],[163.226,59.042],[163.044,59.183],[162.902,59.119],[163.044,58.961],[162.844,58.885],[162.992,58.943],[162.903,58.969],[162.466,58.711],[162.358,58.755],[162.616,58.774],[162.179,58.425],[161.898,57.975],[162.001,57.927],[161.994,58.025],[162.137,57.843],[162.483,57.773],[162.295,57.693],[162.348,57.662],[162.531,57.751],[162.509,57.887],[162.699,57.95],[163.321,57.726],[162.729,57.251],[162.853,57.039],[162.777,56.774],[162.922,56.69],[163.235,56.739],[163.362,56.184],[163.023,56.005],[162.502,56.213],[162.942,56.375],[163.082,56.526],[162.91,56.42],[162.686,56.483],[162.407,56.389],[162.603,56.258],[162.083,56.087],[161.743,55.553],[161.821,55.128],[162.154,54.853],[162.138,54.752],[161.696,54.502],[160.822,54.554],[159.994,54.161],[159.829,53.678],[159.915,53.67],[159.956,53.494],[159.773,53.51],[159.881,53.488],[159.947,53.211],[160.03,53.268],[160.036,53.098],[159.744,53.204],[159.814,53.276],[159.096,53.11],[158.706,52.884],[158.613,53.05],[158.42,53.017],[158.436,52.892],[158.647,52.897],[158.481,52.773],[158.602,52.694],[158.55,52.627],[158.39,52.651],[158.526,52.532],[158.398,52.408],[158.56,52.417],[158.483,52.345],[158.551,52.292],[158.393,52.226],[158.274,51.962],[157.91,51.629],[157.566,51.503],[157.474,51.359],[156.797,50.953]]],[[[165.991,55.361],[166.301,55.3],[166.247,55.177],[166.644,54.865],[166.671,54.679],[166.179,54.956],[166.022,55.211],[165.757,55.285],[165.991,55.361]]],[[[164.594,59.233],[164.736,59.033],[164.641,58.871],[164.141,58.801],[163.588,58.574],[163.489,58.449],[163.409,58.541],[163.592,58.595],[163.95,59.011],[163.697,58.993],[164.594,59.233]]]]}},{"type":"Feature","properties":{"hasc":"RU.KC","name":"Karachay-Cherkess","name_ru":"Карачаево-Черкессия Республика"},"geometry":{"type":"MultiPolygon","coordinates":[[[[42.129,43.216],[41.631,43.223],[41.408,43.361],[40.936,43.426],[40.716,43.531],[40.724,43.731],[40.934,43.944],[40.97,44.111],[41.556,43.947],[41.808,44.187],[41.699,44.35],[41.922,44.474],[42.567,44.218],[42.724,44.331],[42.829,44.216],[42.498,44.084],[42.457,43.979],[42.623,43.91],[42.733,43.97],[42.853,43.666],[42.586,43.539],[42.55,43.185],[42.437,43.254],[42.129,43.216]]]]}},{"type":"Feature","properties":{"hasc":"RU.KI","name":"Karelia","name_ru":"Республика Карелия"},"geometry":{"type":"MultiPolygon","coordinates":[[[[36.66,62.824],[37.602,62.622],[37.616,62.452],[37.478,62.294],[37.745,62.233],[37.95,62.014],[37.858,61.826],[37.932,61.765],[37.798,61.691],[37.788,61.55],[36.688,61.584],[36.464,61.414],[35.488,61.169],[35.346,61.208],[35.35,61.315],[35.157,61.259],[34.76,61.346],[34.473,61.156],[34.21,61.273],[33.774,61.276],[33.472,61.196],[33.902,61.103],[33.789,60.967],[33.442,61.012],[32.785,60.647],[29.371,61.297],[29.326,61.347],[29.503,61.489],[31.163,62.453],[31.583,62.914],[31.231,63.226],[30.505,63.462],[29.981,63.755],[30.252,63.824],[30.556,64.112],[30.485,64.255],[30.053,64.404],[30.008,64.557],[30.143,64.653],[30.043,64.728],[30.09,64.777],[29.751,64.79],[29.633,64.89],[29.626,65.06],[29.89,65.105],[29.878,65.213],[29.61,65.251],[29.769,65.334],[29.742,65.466],[29.878,65.565],[29.734,65.628],[30.125,65.666],[30.128,65.735],[29.909,66.139],[29.414,66.587],[31.357,66.651],[31.576,66.626],[31.595,66.522],[31.849,66.381],[32.286,66.375],[32.288,66.446],[32.441,66.424],[32.276,66.482],[32.493,66.492],[32.534,66.591],[32.832,66.589],[33.722,66.414],[33.473,66.379],[33.654,66.335],[32.994,66.252],[33.604,66.313],[34.608,66.037],[34.716,65.97],[34.634,65.92],[34.682,65.876],[34.831,65.889],[34.805,65.815],[35.054,65.745],[34.933,65.673],[34.669,65.772],[34.795,65.581],[34.634,65.481],[34.7,65.428],[34.286,65.368],[34.725,65.191],[34.638,65.142],[34.833,65.019],[34.617,64.951],[34.958,64.833],[34.788,64.73],[35.02,64.741],[34.832,64.697],[34.995,64.615],[34.769,64.525],[35.035,64.493],[34.973,64.423],[35.154,64.348],[35.329,64.397],[35.342,64.296],[35.604,64.323],[35.602,64.388],[35.829,64.321],[35.961,64.19],[36.235,64.131],[36.176,64.09],[36.292,63.98],[36.604,63.954],[36.663,63.78],[36.528,63.677],[35.969,63.63],[36.372,63.32],[36.306,63.239],[36.462,63.25],[36.324,63.139],[36.351,63.025],[36.66,62.824]]]]}},{"type":"Feature","properties":{"hasc":"RU.KE","name":"Kemerovo","name_ru":"Кемеровская область"},"geometry":{"type":"MultiPolygon","coordinates":[[[[86.99,52.692],[87.008,53.007],[86.628,53.225],[86.847,53.313],[86.904,53.47],[86.514,53.499],[86.11,53.961],[85.39,54.196],[85.025,54.483],[84.974,54.566],[85.05,54.629],[84.935,54.692],[85.079,54.8],[84.878,54.986],[84.882,55.374],[84.64,55.379],[84.786,55.444],[84.815,55.568],[84.568,55.735],[84.551,56.005],[84.459,56.02],[85.63,56.217],[85.542,56.282],[86.158,56.509],[86.233,56.633],[86.428,56.55],[86.813,56.613],[86.812,56.531],[87.578,56.645],[87.626,56.529],[88.544,56.784],[88.614,56.872],[88.673,56.643],[88.499,56.555],[88.719,56.358],[89.071,56.288],[89.337,55.88],[89.439,55.853],[88.475,55.321],[88.549,55.004],[88.765,54.831],[88.593,54.672],[88.547,54.43],[88.379,54.379],[88.593,54.285],[88.852,54.398],[88.968,54.293],[89.163,54.319],[89.203,54.173],[89.031,53.952],[89.158,53.943],[89.224,53.772],[89.029,53.745],[88.813,53.547],[88.772,53.342],[89.001,53.252],[88.952,53.186],[89.056,53.097],[88.915,52.99],[89.221,52.79],[89.034,52.698],[89.127,52.586],[88.454,52.179],[88.399,52.417],[88.166,52.411],[87.917,52.547],[87.634,52.429],[86.99,52.692]]]]}},{"type":"Feature","properties":{"hasc":"RU.KH","name":"Khabarovsk","name_ru":"Хабаровский край"},"geometry":{"type":"MultiPolygon","coordinates":[[[[134.049,46.774],[134.066,46.972],[134.221,47.119],[134.181,47.323],[134.568,47.494],[134.774,47.729],[134.551,47.994],[134.712,48.276],[134.293,48.374],[134.517,48.479],[134.758,48.431],[134.891,48.594],[134.56,48.605],[134.381,48.744],[134.164,48.645],[133.402,48.79],[133.239,48.904],[133.144,49.186],[132.787,49.242],[132.739,49.323],[132.467,49.28],[132.377,49.413],[132.149,49.489],[131.973,49.296],[131.753,49.343],[131.388,49.253],[131.51,49.39],[131.403,49.685],[131.531,49.8],[131.409,50.085],[131.5,50.17],[131.283,50.393],[130.924,50.418],[131.032,50.537],[130.945,50.675],[130.717,50.643],[130.862,50.856],[130.802,50.949],[130.98,51.011],[131.112,51.228],[131.52,51.392],[131.437,51.565],[131.486,51.673],[132.319,51.794],[132.748,52.133],[133.376,52.236],[133.222,52.453],[133.276,52.666],[134.582,52.422],[134.565,52.535],[134.692,52.631],[134.587,52.881],[134.823,53.09],[134.851,53.227],[134.709,53.338],[134.901,53.394],[134.493,53.585],[133.9,53.424],[133.504,53.536],[132.889,53.227],[132.323,53.237],[131.966,53.116],[131.827,53.187],[131.862,53.25],[131.444,53.222],[131.576,53.357],[131.387,53.777],[130.918,53.784],[130.378,53.929],[130.739,54.286],[131.12,54.342],[131.241,54.65],[132.35,55.08],[132.402,55.213],[132.927,55.424],[132.675,55.506],[132.51,55.739],[131.108,55.67],[130.902,55.862],[131.182,56.429],[131.57,56.539],[131.745,56.477],[131.719,56.702],[131.877,56.797],[131.228,57.257],[131.332,57.336],[131.59,57.291],[131.827,57.581],[132.13,57.727],[131.637,58.036],[131.542,58.196],[132.193,58.077],[132.131,58.214],[132.255,58.285],[132.191,58.529],[132.444,58.512],[132.574,58.643],[132.522,58.713],[132.625,58.886],[132.85,58.91],[132.861,59.1],[133.145,59.205],[134.011,59.254],[135.162,59.091],[135.664,59.481],[136.823,59.304],[137.496,59.54],[137.68,59.721],[138.113,59.747],[138.132,59.645],[138.246,59.647],[138.325,59.695],[138.224,59.822],[138.328,59.904],[138.227,60.109],[138.548,60.675],[138.242,60.852],[138.353,61.065],[138.715,61.177],[138.773,61.323],[139.082,61.311],[139.197,61.431],[139.653,61.477],[139.883,61.616],[140.055,61.857],[140.005,61.932],[140.394,62.034],[140.335,62.076],[140.431,62.369],[140.823,62.493],[141.352,62.398],[141.77,62.068],[141.964,61.985],[142.264,62.047],[142.482,61.872],[142.717,61.948],[143.092,61.879],[143.206,62.077],[143.335,62.103],[143.429,61.994],[143.64,62.019],[143.769,61.842],[144.06,61.945],[143.987,61.789],[144.114,61.72],[144.595,61.84],[144.789,62.041],[145.573,61.919],[145.773,62.067],[146.535,61.72],[146.69,61.578],[146.671,61.461],[146.851,61.175],[146.775,60.964],[146.534,60.898],[146.533,60.664],[146.227,60.743],[146.021,60.694],[145.632,60.485],[145.694,60.372],[145.621,60.354],[145.937,60.184],[146.471,60.226],[146.773,60.096],[146.747,59.992],[146.859,59.897],[147.107,59.954],[147.271,59.734],[147.196,59.416],[146.853,59.36],[146.443,59.462],[146.303,59.391],[146.352,59.206],[146.047,59.141],[145.827,59.246],[145.968,59.407],[145.698,59.426],[143.252,59.361],[142.422,59.188],[142.048,59.011],[141.563,58.612],[140.773,58.3],[140.49,57.842],[140.008,57.705],[139.791,57.484],[138.939,57.144],[138.904,57.031],[138.61,56.954],[138.58,56.785],[138.562,56.86],[138.436,56.844],[138.273,56.62],[138.113,56.578],[138.228,56.426],[137.918,56.365],[137.395,55.947],[136.42,55.568],[136.134,55.288],[135.206,54.893],[135.261,54.737],[135.782,54.553],[136.829,54.644],[136.83,54.428],[136.742,54.413],[136.816,54.134],[136.669,53.918],[136.792,53.761],[137.197,53.849],[137.305,54.034],[137.16,54.036],[137.115,54.166],[137.395,54.305],[137.735,54.32],[137.465,54.088],[137.314,54.116],[137.288,54.052],[137.581,53.956],[137.857,53.969],[137.498,53.669],[137.162,53.572],[137.331,53.529],[137.951,53.581],[138.301,53.73],[138.372,53.904],[138.583,53.994],[138.569,53.802],[138.232,53.501],[138.466,53.526],[138.661,53.709],[138.769,53.981],[138.772,54.092],[138.662,54.06],[138.737,54.248],[138.658,54.286],[139.302,54.177],[139.789,54.29],[139.794,54.201],[140.329,53.956],[140.253,53.874],[140.546,53.647],[141.131,53.448],[140.944,53.497],[140.905,53.427],[141.417,53.296],[141.342,53.231],[141.444,53.153],[141.202,53.001],[140.72,53.13],[141.059,52.884],[141.24,52.866],[141.164,52.792],[141.267,52.592],[141.117,52.41],[141.385,52.222],[141.528,52.237],[141.547,52.152],[141.349,52.1],[141.396,51.921],[141.192,51.848],[141.106,51.681],[140.877,51.628],[140.887,51.495],[140.728,51.465],[140.86,51.371],[140.595,51.235],[140.679,51.034],[140.498,50.868],[140.413,50.542],[140.532,50.34],[140.507,50.157],[140.688,50.09],[140.4,49.882],[140.529,49.786],[140.547,49.565],[140.424,49.295],[140.328,49.296],[140.346,49.094],[140.203,49.017],[140.287,49.017],[140.201,48.951],[140.391,48.976],[140.182,48.75],[140.175,48.448],[139.278,47.816],[139.052,47.407],[138.524,47.494],[138.602,47.619],[138.543,47.709],[138.784,47.874],[138.581,48.04],[138.707,48.186],[138.552,48.199],[138.444,48.421],[138.288,48.453],[138.164,48.325],[137.331,48.106],[137.594,47.924],[137.434,47.807],[138.055,47.699],[137.985,47.629],[138.083,47.504],[137.416,47.211],[137.044,47.307],[136.937,47.103],[136.992,47.022],[136.6,46.816],[136.334,46.785],[136.1,46.889],[135.969,46.812],[135.61,46.998],[135.397,46.939],[135.455,47.054],[135.354,47.179],[135.09,47.229],[134.69,47.143],[134.607,46.973],[134.471,47.016],[134.468,46.733],[134.018,46.664],[134.049,46.774]]],[[[137.663,55.183],[138.051,55.055],[137.879,54.978],[138.221,55.024],[137.711,54.616],[137.487,54.873],[137.235,54.762],[137.553,55.179],[137.663,55.183]]]]}},{"type":"Feature","properties":{"hasc":"RU.KK","name":"Khakass","name_ru":"Республика Хакасия"},"geometry":{"type":"MultiPolygon","coordinates":[[[[88.02,51.643],[88.099,51.769],[87.916,51.809],[88.054,52.036],[88.7,52.275],[88.684,52.366],[89.127,52.586],[89.034,52.698],[89.221,52.79],[88.915,52.99],[89.056,53.097],[88.952,53.186],[89.001,53.252],[88.772,53.342],[88.813,53.547],[89.029,53.745],[89.224,53.772],[89.158,53.943],[89.031,53.952],[89.187,54.267],[88.852,54.398],[88.593,54.285],[88.379,54.379],[88.547,54.43],[88.593,54.672],[88.765,54.831],[88.549,55.004],[88.475,55.321],[88.691,55.411],[88.95,55.289],[89.038,55.084],[89.201,54.99],[89.658,55.003],[90.196,55.152],[90.436,55.016],[90.458,54.871],[90.685,54.905],[90.915,54.791],[90.855,54.627],[91.159,54.488],[91.464,54.057],[91.327,53.817],[91.47,53.514],[91.744,53.447],[91.841,53.288],[91.351,53.078],[91.396,52.868],[90.7,52.458],[90.452,52.163],[90.049,52.125],[89.958,51.892],[90.061,51.743],[89.726,51.56],[89.233,51.523],[89.2,51.629],[88.742,51.549],[88.596,51.337],[88.406,51.292],[87.936,51.491],[87.906,51.588],[88.02,51.643]]]]}},{"type":"Feature","properties":{"hasc":"RU.KM","name":"Khanty-Mansiy","name_ru":"Ханты-Мансийский А О"},"geometry":{"type":"MultiPolygon","coordinates":[[[[71.777,63.202],[72.748,63.291],[72.99,63.417],[73.152,63.411],[73.531,63.179],[74.172,63.178],[74.531,63.033],[75.799,63.121],[76.336,62.971],[76.741,63.038],[78.049,62.522],[79.838,62.589],[79.963,62.814],[80.989,63.134],[81.35,62.836],[81.852,62.685],[82.128,62.822],[82.792,62.757],[82.798,62.646],[83.394,62.455],[83.924,62.517],[84.515,62.178],[84.513,61.989],[84.685,61.823],[85.969,61.505],[85.654,61.393],[85.662,61.259],[84.253,60.844],[83.196,61.002],[82.531,60.754],[82.247,60.513],[81.864,60.625],[81.082,60.624],[81.047,60.733],[80.82,60.785],[79.452,60.641],[79.1,60.807],[78.028,60.748],[77.091,60.827],[77.002,60.635],[77.073,60.539],[76.859,60.452],[76.867,60.223],[76.721,60.076],[76.67,59.564],[76.172,59.521],[75.938,59.408],[75.616,59.183],[75.677,58.946],[75.143,58.649],[74.128,58.702],[73.683,58.842],[73.096,58.823],[72.965,58.855],[73.1,58.935],[72.899,59.031],[72.962,59.131],[72.654,59.099],[72.081,59.521],[71.191,59.842],[70.589,59.805],[70.14,59.933],[69.702,59.854],[69.558,59.956],[69.246,59.894],[69.403,59.762],[68.874,59.543],[68.612,59.544],[68.424,59.247],[67.767,59.156],[67.166,58.915],[67.033,58.975],[66.822,58.885],[66.83,58.659],[65.977,58.567],[65.939,58.658],[65.54,58.808],[65.279,59.237],[65.104,59.344],[63.925,59.499],[63.773,60.086],[63.26,60.241],[63.291,60.397],[62.94,60.707],[62.834,60.887],[62.896,61.073],[62.719,61.203],[61.178,61.685],[60.069,61.714],[59.951,61.886],[59.465,61.947],[59.447,62.164],[59.635,62.306],[59.632,62.426],[59.448,62.527],[59.37,62.699],[59.485,62.841],[59.234,62.98],[59.493,63.64],[59.476,63.809],[59.897,64.075],[59.678,64.148],[59.636,64.44],[59.497,64.505],[59.746,64.679],[59.639,64.801],[60.192,65.072],[60.463,65.027],[60.598,64.904],[60.765,64.948],[61.374,65.234],[61.35,65.36],[61.626,65.554],[62.063,65.702],[62.301,65.603],[62.458,65.402],[62.875,65.291],[62.742,64.906],[62.874,64.773],[62.592,64.557],[63.435,64.442],[63.684,64.254],[65.559,64.495],[66.825,64.507],[66.957,64.413],[66.879,64.203],[67.281,64.057],[67.807,64.028],[68.513,64.272],[68.948,64.17],[69.047,64.318],[68.952,64.402],[69.12,64.426],[69.878,64.302],[70.336,64.332],[70.8,64.145],[70.652,64.005],[70.936,63.694],[71.435,63.665],[71.557,63.569],[71.679,63.197],[71.777,63.202]]]]}},{"type":"Feature","properties":{"hasc":"RU.KV","name":"Kirov","name_ru":"Кировская область"},"geometry":{"type":"MultiPolygon","coordinates":[[[[51.331,56.372],[51.497,56.309],[51.394,56.101],[51.032,56.176],[50.894,56.444],[50.655,56.398],[50.379,56.705],[50.073,56.669],[50.098,56.865],[49.754,56.913],[49.768,57.061],[49.274,57.064],[49.209,57.341],[49.053,57.317],[49.079,57.212],[48.938,57.097],[48.802,57.199],[48.284,57.173],[48.065,57.025],[47.76,57.08],[47.51,56.866],[47.156,56.85],[47.123,56.937],[46.761,56.959],[46.742,57.172],[46.839,57.216],[46.708,57.424],[46.781,57.508],[47.472,57.544],[47.602,57.838],[47.778,57.945],[46.406,58.028],[46.347,58.104],[46.486,58.236],[46.438,58.313],[46.511,58.362],[46.435,58.386],[46.62,58.431],[46.682,58.61],[47.051,58.633],[47.025,58.706],[47.362,58.799],[47.295,58.91],[47.635,58.94],[47.459,59.167],[47.263,59.222],[47.28,59.342],[47.069,59.36],[47.139,59.713],[46.886,59.795],[47.043,60.154],[46.728,60.041],[46.418,60.118],[46.33,60.238],[46.801,60.275],[46.888,60.499],[47.069,60.593],[47.002,60.76],[47.187,61.059],[47.895,61.02],[47.961,60.888],[48.398,60.83],[48.506,60.46],[48.693,60.367],[48.423,60.171],[48.465,59.722],[49.035,59.673],[49.007,59.499],[49.55,59.411],[49.503,59.259],[49.679,59.224],[49.835,59.32],[49.821,59.672],[50.033,59.703],[49.988,59.791],[50.844,59.898],[51.092,60.089],[51.519,59.95],[51.998,60.341],[52.596,60.201],[53.345,60.144],[53.444,60.231],[53.614,60.108],[53.668,60.009],[53.556,59.71],[53.431,59.7],[53.209,59.363],[53.387,59.159],[53.826,59.098],[53.744,59.008],[53.896,58.788],[53.724,58.702],[53.775,58.49],[53.232,58.424],[53.114,58.544],[52.842,58.403],[52.101,58.473],[51.796,58.347],[51.67,58.174],[51.949,57.998],[51.869,57.659],[51.612,57.469],[51.216,57.43],[51.113,57.295],[51.532,56.864],[51.363,56.673],[51.165,56.658],[51.153,56.511],[51.331,56.372]]]]}},{"type":"Feature","properties":{"hasc":"RU.KO","name":"Komi","name_ru":"Республика Коми"},"geometry":{"type":"MultiPolygon","coordinates":[[[[48.516,61.063],[49.246,61.178],[49.513,61.61],[49.048,61.674],[49.586,62.769],[48.727,62.835],[48.616,62.73],[48.335,62.725],[48.194,62.481],[48.277,62.328],[47.646,62.333],[47.596,62.215],[47.376,62.218],[47.349,62.346],[47.166,62.346],[47.201,62.659],[47.031,62.886],[47.545,63.124],[47.019,63.294],[46.854,63.465],[47.007,63.556],[46.972,63.696],[46.378,63.931],[45.693,64.025],[45.424,64.228],[45.935,64.328],[47.805,64.398],[48.4,64.243],[48.434,64.36],[48.819,64.366],[48.916,64.497],[49.4,64.476],[49.561,64.61],[50.265,64.524],[50.431,64.854],[49.988,64.959],[49.615,65.32],[49.054,65.274],[48.931,66.109],[51.554,66.78],[51.532,66.907],[52.166,67.076],[55.972,66.978],[61.705,67.017],[62.945,67.404],[62.968,67.539],[63.382,67.772],[63.752,67.752],[63.99,67.916],[63.934,68.027],[64.611,68.197],[64.564,68.319],[64.766,68.393],[65.486,68.409],[65.333,68.285],[65.381,67.974],[65.575,67.907],[66.07,67.947],[66.128,67.897],[66.026,67.807],[66.267,67.671],[65.825,67.595],[66.064,67.561],[66.137,67.452],[65.054,67.07],[65.119,66.901],[63.394,66.455],[63.24,66.323],[63.324,66.229],[63.064,66.186],[62.835,66.022],[62.897,65.965],[62.775,65.856],[61.626,65.554],[61.35,65.36],[61.374,65.234],[61.079,65.077],[60.598,64.904],[60.463,65.027],[60.192,65.072],[59.639,64.801],[59.746,64.679],[59.497,64.505],[59.636,64.44],[59.678,64.148],[59.897,64.075],[59.476,63.809],[59.47,63.564],[59.234,63.019],[59.485,62.841],[59.37,62.699],[59.448,62.527],[59.632,62.426],[59.635,62.306],[59.487,62.267],[59.395,61.698],[59.074,61.556],[56.744,61.56],[56.456,61.459],[56.296,61.249],[55.907,61.296],[55.773,61.143],[55.317,61.159],[54.99,60.904],[53.881,60.987],[53.829,60.86],[53.342,60.9],[53.435,61.054],[52.87,61.091],[52.78,60.97],[52.473,60.982],[52.348,60.859],[51.909,60.9],[51.768,60.612],[52.343,60.455],[52.373,60.339],[52.286,60.266],[51.956,60.325],[51.519,59.95],[51.092,60.089],[50.844,59.898],[49.988,59.791],[50.033,59.703],[49.821,59.672],[49.835,59.32],[49.679,59.224],[49.503,59.259],[49.55,59.411],[49.007,59.499],[49.035,59.673],[48.465,59.722],[48.423,60.171],[48.704,60.34],[48.506,60.46],[48.516,60.595],[48.332,60.856],[48.516,61.063]]]]}},{"type":"Feature","properties":{"hasc":"RU.KT","name":"Kostroma","name_ru":"Костромская область"},"geometry":{"type":"MultiPolygon","coordinates":[[[[40.73,57.331],[40.5,57.283],[40.415,57.479],[40.524,57.6],[40.694,57.617],[40.61,57.699],[40.699,57.792],[40.621,57.893],[40.771,57.953],[40.76,58.062],[41.218,58.348],[40.975,58.527],[41.287,58.72],[41.179,58.786],[41.283,58.837],[41.212,58.916],[42.095,59.11],[42.111,59.235],[41.972,59.283],[42.075,59.425],[42.216,59.405],[42.321,59.265],[42.619,59.326],[42.838,59.146],[43.515,59.304],[43.551,59.183],[43.799,59.28],[44.316,59.136],[44.998,59.12],[45.326,59.222],[45.936,59.185],[46.058,59.329],[46.393,59.37],[46.428,59.592],[47.123,59.609],[47.069,59.36],[47.28,59.342],[47.263,59.222],[47.459,59.167],[47.635,58.94],[47.295,58.91],[47.362,58.799],[47.025,58.706],[47.051,58.633],[46.682,58.61],[46.62,58.431],[46.435,58.386],[46.511,58.362],[46.33,58.131],[46.39,58.08],[45.865,58.045],[45.699,57.921],[45.467,58.034],[44.887,58.066],[44.776,57.704],[44.079,57.441],[43.471,57.546],[43.237,57.434],[43.208,57.63],[43.146,57.421],[42.882,57.392],[42.774,57.451],[42.859,57.496],[42.842,57.666],[42.134,57.57],[41.618,57.712],[41.609,57.469],[41.157,57.425],[41.035,57.308],[40.73,57.331]]]]}},{"type":"Feature","properties":{"hasc":"RU.KD","name":"Krasnodar","name_ru":"Краснодарский край"},"geometry":{"type":"MultiPolygon","coordinates":[[[[40.476,43.546],[40.102,43.568],[39.949,43.4],[38.792,44.281],[38.202,44.417],[37.802,44.734],[37.737,44.65],[37.482,44.694],[37.253,44.982],[36.597,45.195],[37.001,45.325],[36.8,45.303],[36.765,45.376],[36.857,45.379],[36.762,45.415],[36.622,45.306],[36.843,45.451],[37.212,45.334],[37.53,45.38],[37.615,45.664],[37.834,45.756],[37.973,46.034],[38.114,46.055],[38.107,45.95],[38.278,46.262],[38.257,46.154],[38.581,46.039],[38.148,46.373],[37.916,46.407],[37.727,46.688],[38.001,46.635],[38.293,46.742],[38.335,46.663],[38.595,46.667],[38.395,46.726],[38.5,46.88],[38.889,46.835],[38.8,46.629],[39.078,46.673],[39.384,46.878],[39.927,46.805],[40.026,46.754],[39.957,46.588],[40.166,46.523],[40.283,46.298],[40.977,46.276],[40.978,46.163],[41.302,45.797],[41.138,45.676],[40.876,45.688],[40.845,45.564],[41.039,45.416],[41.077,45.233],[41.42,45.204],[41.542,44.995],[41.737,44.92],[41.748,44.821],[41.51,44.678],[41.87,44.441],[41.699,44.35],[41.808,44.187],[41.556,43.947],[40.97,44.111],[40.934,43.944],[40.724,43.731],[40.716,43.531],[40.476,43.546]],[[39.084,44.857],[39.581,44.86],[39.689,45.062],[39.93,44.993],[39.955,44.82],[40.049,44.773],[39.841,44.584],[39.861,44.372],[40.09,44.274],[40.095,44.149],[39.947,44.09],[39.77,44.229],[39.712,44.2],[39.794,44.099],[39.648,43.989],[40.29,43.79],[40.482,44.003],[40.416,44.188],[40.5,44.359],[40.357,44.588],[40.43,44.742],[40.596,44.702],[40.725,44.449],[40.815,44.475],[40.522,44.955],[40.301,45.095],[40.029,45.063],[39.618,45.182],[39.186,45.007],[38.57,45.033],[39.084,44.857]]]]}},{"type":"Feature","properties":{"hasc":"RU.KX","name":"Krasnoyarsk","name_ru":"Красноярский край"},"geometry":{"type":"MultiPolygon","coordinates":[[[[91.226,51.874],[90.794,51.879],[90.452,52.163],[90.7,52.458],[91.396,52.868],[91.351,53.078],[91.841,53.288],[91.744,53.447],[91.47,53.514],[91.327,53.817],[91.464,54.057],[91.159,54.488],[90.855,54.627],[90.915,54.791],[90.685,54.905],[90.458,54.871],[90.436,55.016],[90.196,55.152],[89.658,55.003],[89.201,54.99],[89.038,55.084],[88.95,55.289],[88.636,55.425],[88.961,55.654],[89.423,55.78],[89.071,56.288],[88.719,56.358],[88.499,56.555],[88.673,56.643],[88.614,56.872],[88.728,57.019],[88.535,57.105],[88.881,57.419],[89.091,57.474],[89.049,57.556],[89.362,57.611],[89.379,57.831],[89.25,57.929],[88.075,58.109],[87.903,58.502],[88.802,59.052],[88.549,59.287],[87.866,59.243],[87.482,59.665],[87.145,59.671],[87.078,59.86],[86.458,59.946],[84.644,59.873],[84.593,59.944],[84.655,60.201],[84.826,60.335],[84.253,60.844],[85.662,61.259],[85.654,61.393],[85.964,61.468],[85.402,61.687],[84.764,61.789],[84.494,62.068],[84.536,62.227],[85.591,63.026],[85.534,63.17],[85.611,63.361],[85.122,63.579],[85.315,63.668],[85.357,63.838],[85.961,64.052],[85.966,64.266],[85.819,64.492],[85.921,64.572],[85.855,64.756],[85.563,64.837],[85.255,64.78],[85.018,64.849],[85.076,64.923],[84.382,64.933],[84.45,64.994],[84.339,65.105],[84.653,65.269],[84.548,65.486],[84.179,65.567],[84.358,65.611],[84.311,65.658],[83.573,65.787],[83.372,66.014],[83.605,66.143],[83.117,66.455],[83.352,66.652],[83.24,66.784],[82.175,67.201],[82.363,67.288],[82.415,67.499],[81.784,67.883],[82.409,67.925],[82.423,68.067],[82.761,68.261],[82.721,68.551],[82.945,68.606],[82.433,69.03],[82.521,69.102],[81.947,69.177],[82.079,69.343],[81.794,69.417],[81.627,69.235],[81.155,69.188],[80.007,69.304],[79.702,69.4],[79.513,69.621],[79.117,69.651],[79.152,69.736],[78.999,69.869],[79.419,70.12],[79.629,70.099],[80.281,70.399],[80.898,70.371],[80.775,70.475],[80.941,70.628],[80.767,70.693],[80.854,70.794],[80.641,71.044],[79.952,71.133],[79.401,71.314],[79.33,71.418],[79.467,71.501],[79.448,71.598],[80.037,71.63],[80.254,71.825],[80.498,71.871],[80.435,71.922],[79.005,72.113],[78.523,72.375],[79.492,72.35],[80.821,72.073],[80.678,72.051],[81.279,71.837],[81.201,71.763],[81.629,71.7],[82.894,71.771],[83.283,71.704],[83.204,71.582],[82.98,71.527],[83.006,71.398],[82.251,71.25],[82.333,71.069],[82.198,71.006],[82.414,70.766],[82.291,70.694],[82.4,70.647],[82.333,70.583],[82.643,70.729],[82.794,70.937],[82.96,70.869],[82.869,70.981],[83.118,70.858],[83.06,70.58],[82.959,70.562],[83.05,70.491],[83.014,70.413],[82.629,70.163],[83.094,70.042],[83.189,70.135],[82.986,70.306],[83.567,70.306],[83.81,70.451],[83.46,70.968],[83.165,71.111],[83.293,71.112],[83.161,71.241],[83.685,71.627],[83.375,71.835],[82.677,71.906],[82.269,72.092],[82.377,72.179],[82.244,72.277],[82.381,72.325],[82.075,72.281],[80.84,72.457],[80.767,72.508],[80.893,72.6],[80.688,72.706],[80.858,72.79],[80.881,72.954],[80.523,73.084],[80.622,73.133],[80.336,73.173],[80.777,73.201],[80.365,73.29],[80.722,73.471],[80.567,73.463],[80.534,73.552],[84.756,73.754],[85.279,73.677],[85.633,73.81],[86.779,73.894],[87.139,73.844],[86.434,73.658],[86.388,73.56],[87.235,73.619],[87.525,73.843],[87.344,73.821],[86.948,74.025],[87.579,73.967],[87.351,74.055],[87.42,74.085],[86.906,74.065],[86.723,74.13],[86.804,74.179],[86.717,74.233],[85.907,74.336],[86.123,74.4],[86.327,74.325],[86.283,74.41],[86.069,74.431],[86.565,74.477],[86.987,74.41],[86.719,74.319],[86.994,74.36],[87.044,74.279],[87.038,74.393],[87.222,74.365],[87.042,74.417],[87.162,74.475],[86.808,74.429],[86.59,74.527],[86.827,74.563],[85.751,74.652],[86.162,74.767],[85.994,74.817],[86.119,74.833],[86.41,74.775],[86.253,74.752],[86.342,74.704],[86.979,74.602],[86.863,74.642],[86.975,74.672],[86.751,74.702],[87.072,74.717],[87.086,74.856],[87.391,74.948],[87.198,74.983],[87.583,74.931],[87.816,75.01],[86.936,75.116],[88.096,75.085],[88.5,75.279],[88.722,75.226],[88.571,75.3],[89.265,75.49],[89.779,75.429],[89.69,75.47],[90.142,75.496],[89.948,75.543],[90.146,75.577],[90.91,75.665],[90.969,75.596],[91.706,75.621],[91.642,75.691],[91.727,75.729],[94.204,75.942],[93.575,75.946],[93.504,75.871],[93.284,75.938],[93.335,75.985],[92.876,75.888],[92.964,75.919],[92.884,75.972],[93.018,75.992],[92.951,76.052],[93.196,76.013],[93.408,76.113],[93.512,76.091],[93.334,76.06],[93.479,76.035],[93.413,76.008],[94.05,76.048],[93.725,76.121],[94.825,76.109],[94.542,76.148],[94.763,76.16],[96.272,76.093],[95.609,75.879],[95.76,75.827],[96.433,76.002],[96.71,75.97],[96.448,75.86],[97.342,76.023],[97.176,75.928],[97.86,75.969],[97.576,76.039],[98.225,76.071],[97.959,76.11],[98.86,76.256],[98.769,76.209],[99.348,76.2],[99.186,76.144],[99.6,76.148],[99.444,76.095],[99.595,76.057],[99.421,76.059],[99.86,76.02],[99.531,75.803],[99.171,75.735],[99.316,75.713],[99.153,75.53],[99.398,75.498],[99.169,75.536],[99.356,75.703],[99.288,75.743],[99.941,75.794],[99.726,75.831],[100.07,76.004],[99.865,76.036],[99.902,76.089],[99.612,76.26],[99.092,76.34],[98.873,76.481],[99.771,76.431],[100.956,76.517],[101.088,76.425],[102.481,76.29],[103.648,76.398],[103.922,76.323],[103.592,76.41],[102.421,76.329],[102.652,76.31],[102.5,76.298],[102.382,76.333],[102.67,76.397],[102.338,76.348],[101.684,76.469],[101.76,76.494],[101.131,76.485],[100.961,76.522],[101.127,76.553],[101.198,76.675],[101.435,76.65],[100.926,76.858],[101.077,76.958],[101.352,76.965],[101.391,77.039],[101.282,77.054],[101.403,77.114],[102.642,77.49],[104.085,77.71],[104.825,77.671],[104.709,77.613],[104.979,77.556],[105.908,77.552],[105.962,77.494],[105.865,77.484],[105.972,77.482],[105.892,77.455],[106.297,77.364],[105.715,77.348],[105.837,77.346],[105.377,77.196],[104.15,77.077],[105.869,77.1],[105.755,77.041],[105.813,77.025],[105.457,77.003],[106.815,77.05],[107.531,76.916],[106.767,76.727],[106.843,76.665],[106.66,76.544],[106.403,76.579],[106.51,76.492],[107.717,76.496],[108,76.565],[108.114,76.657],[107.965,76.651],[108.033,76.735],[109.427,76.75],[110.088,76.658],[111.144,76.752],[111.225,76.74],[111.14,76.656],[111.59,76.673],[111.451,76.588],[111.846,76.581],[112.235,76.447],[111.915,76.292],[112.329,76.444],[112.795,76.325],[112.682,76.304],[112.717,76.204],[112.482,76.23],[112.881,76.092],[112.579,76.029],[113.081,76.148],[113.352,76.113],[112.96,76.235],[113.231,76.258],[113.491,76.139],[113.446,76.061],[113.585,75.953],[113.426,75.942],[113.606,75.859],[113.484,75.842],[113.891,75.904],[113.92,75.805],[113.739,75.621],[113.454,75.535],[113.616,75.639],[112.221,75.887],[112.86,75.731],[112.655,75.693],[112.879,75.637],[112.798,75.544],[113.279,75.663],[113.361,75.523],[113.76,75.444],[113.53,75.391],[113.71,75.369],[113.493,75.203],[112.919,75.06],[113.054,75.044],[112.769,74.94],[112.148,74.881],[111.861,74.77],[111.977,74.738],[111.8,74.652],[111.413,74.681],[111.019,74.614],[111.141,74.587],[111.046,74.554],[110.244,74.5],[110.429,74.453],[110.235,74.377],[109.34,74.279],[109.956,74.257],[109.544,74.081],[108.94,73.997],[108.158,73.65],[107.106,73.619],[107.26,73.565],[107.088,73.581],[107.21,73.534],[106.802,73.319],[106.126,73.272],[105.967,73.189],[106.062,73.14],[105.905,73.106],[105.845,72.882],[105.242,72.785],[105.538,72.746],[106.018,72.859],[106.06,72.946],[106.902,72.88],[106.226,72.967],[106.217,73.127],[106.352,73.188],[106.879,73.129],[108.365,73.208],[108.196,73.258],[109.314,73.394],[109.25,73.471],[109.456,73.415],[109.215,73.552],[109.938,73.425],[110.129,73.565],[111.074,73.686],[111.166,73.613],[110.898,73.619],[110.683,73.441],[110.135,73.408],[110.549,73.348],[110.362,73.229],[110.467,73.181],[110.905,73.165],[110.841,73.129],[110.916,73.043],[110.712,72.995],[110.881,72.986],[110.719,72.808],[110.78,72.651],[111.216,72.539],[111.063,72.407],[111.146,72.364],[111.581,72.332],[111.69,72.29],[111.648,72.192],[112.015,72.121],[112.093,71.431],[112.756,71.262],[112.375,71.018],[112.175,71.052],[110.211,70.66],[110.117,70.51],[110.346,70.421],[109.671,70.384],[109.613,70.256],[109.421,70.229],[109.448,70.064],[109.583,70.04],[109.355,69.784],[108.337,69.843],[107.967,69.687],[106.931,69.537],[106.511,69.576],[106.193,69.458],[106.156,69.391],[106.904,68.877],[106.933,68.179],[106.797,67.376],[106.654,67.252],[106.08,67.196],[106.012,67.065],[105.524,67.015],[106.146,66.92],[106.065,66.817],[106.312,66.72],[106.328,66.52],[106.2,66.426],[106.186,66.181],[106.503,66.054],[106.496,65.689],[107.044,65.521],[106.837,65.38],[106.531,65.356],[106.446,65.274],[106.527,65.216],[106.045,65.079],[106.014,64.999],[106.192,64.893],[105.969,64.913],[105.903,64.696],[105.726,64.674],[105.726,64.57],[105.864,64.48],[106.126,64.521],[106.161,64.407],[106.682,64.531],[106.776,64.414],[107.274,64.356],[107.306,64.265],[108.225,64.2],[108.42,64.041],[108.291,63.92],[107.816,63.951],[107.528,63.839],[106.692,63.93],[106.76,63.793],[106.525,63.484],[106.743,63.323],[106.395,63.273],[106.397,63.053],[106.175,63.023],[106.204,62.901],[106.528,62.71],[106.482,62.657],[106.808,62.578],[106.747,62.468],[106.367,62.234],[106.436,62.175],[106.359,62.006],[105.886,61.793],[105.947,61.664],[104.919,61.343],[105.013,61.189],[104.556,60.986],[104.565,60.835],[104.448,60.806],[104.571,60.712],[104.477,60.603],[104.56,60.509],[104.933,60.317],[105.434,60.265],[105.407,59.931],[105.494,59.849],[105.058,59.858],[104.736,59.673],[105.003,59.443],[105.145,59.444],[105.111,59.32],[105.278,59.231],[105.301,59.101],[104.734,58.874],[104.838,58.737],[104.435,58.61],[104.283,58.625],[104.193,58.771],[103.904,58.743],[103.879,58.893],[103.469,58.953],[103.174,59.189],[103.298,59.282],[102.89,59.306],[102.401,59.167],[102.321,59.044],[102.496,58.752],[102.079,58.513],[101.701,58.463],[101.47,58.247],[101.077,58.116],[101.148,58.046],[100.974,57.879],[100.714,57.886],[100.717,57.681],[100.873,57.502],[100.663,57.425],[100.344,57.55],[100.323,57.741],[100.005,57.864],[100.045,58.03],[99.931,58.09],[99.562,58.074],[99.362,57.802],[98.992,57.74],[97.851,57.808],[97.272,57.055],[97.549,56.974],[97.406,56.888],[97.432,56.809],[97.723,56.798],[97.679,56.587],[97.833,56.553],[97.816,56.411],[97.463,56.386],[97.48,56.216],[97.374,56.221],[97.36,56.125],[97.066,56.108],[96.676,55.789],[96.649,55.657],[96.745,55.611],[96.726,55.431],[96.819,55.335],[96.567,55.27],[96.619,55.18],[96.532,54.981],[96.616,54.863],[96.449,54.544],[96.009,54.574],[95.599,54.352],[95.582,54.247],[95.976,54.082],[96.427,53.706],[96.657,53.673],[96.626,53.595],[94.667,53.387],[94.566,53.335],[94.648,53.253],[94.467,52.937],[94.135,52.884],[93.595,52.206],[92.826,51.852],[91.95,51.76],[91.748,51.857],[91.226,51.874]],[[91.444,53.697],[91.453,53.702],[91.451,53.711],[91.44,53.717],[91.43,53.715],[91.425,53.699],[91.444,53.697]]],[[[79.215,73.071],[79.522,72.922],[79.57,72.746],[78.892,72.733],[78.607,72.832],[79.215,73.071]]],[[[76.286,79.657],[77.533,79.484],[76.777,79.488],[76.126,79.632],[76.286,79.657]]],[[[79.6,80.897],[80.25,80.865],[79.852,80.748],[78.828,80.782],[79.6,80.897]]],[[[95.902,76.306],[96.158,76.287],[96.144,76.225],[96.423,76.308],[96.483,76.28],[96.396,76.228],[96.502,76.205],[96.238,76.218],[96.481,76.168],[96.365,76.102],[95.336,76.23],[95.902,76.306]]],[[[110.904,73.702],[110.673,73.794],[109.758,73.654],[109.538,73.802],[109.837,73.867],[109.975,74],[111.031,73.902],[111.198,74.035],[111.608,74.025],[111.23,73.981],[111.277,73.871],[110.935,73.783],[110.904,73.702]]],[[[112.148,74.542],[113.154,74.502],[113.46,74.409],[113.195,74.198],[112.833,74.079],[111.507,74.309],[112.052,74.367],[112.015,74.543],[112.148,74.542]]],[[[96.496,77.175],[96.589,77.126],[96.208,76.979],[95.451,77.009],[96.496,77.175]]],[[[91.969,80.081],[93.875,79.905],[93.142,79.704],[92.019,79.677],[92.391,79.743],[91.138,79.858],[91.381,79.909],[91.138,79.959],[91.354,80.022],[91.065,80.051],[91.969,80.081]]],[[[95.763,81.271],[96.117,81.242],[96.5,81.112],[96.353,81.073],[96.816,80.995],[96.663,80.968],[96.877,80.904],[96.721,80.865],[97.185,80.888],[98.062,80.682],[97.223,80.627],[97.452,80.556],[97.192,80.514],[97.506,80.418],[97.344,80.34],[97.6,80.296],[94.604,80.156],[93.808,79.998],[92.167,80.169],[93.022,80.173],[92.55,80.265],[91.498,80.276],[92.752,80.365],[92.148,80.404],[92.715,80.467],[92.939,80.536],[92.869,80.565],[92.932,80.625],[93.441,80.719],[93.378,80.747],[93.464,80.781],[92.567,80.734],[93.518,80.886],[93.117,80.915],[93.208,80.96],[94.329,81.052],[94.744,80.985],[94.603,81.02],[95.82,81.209],[95.121,81.254],[95.763,81.271]]],[[[107.585,78.175],[107.772,78.123],[107.515,78.038],[107.558,78.089],[106.509,78.123],[107.585,78.175]]],[[[102.448,79.419],[103.225,79.286],[102.857,79.172],[102.805,79.126],[102.879,79.109],[102.661,79.022],[102.81,79.015],[102.373,78.771],[102.745,78.84],[102.988,79.052],[103.545,79.105],[103.298,79.182],[103.415,79.215],[104.125,79.119],[104.023,79.055],[104.495,78.985],[104.764,78.866],[104.7,78.817],[105.281,78.781],[105.362,78.692],[105.24,78.676],[105.379,78.601],[105.26,78.436],[104.885,78.315],[102.908,78.152],[101.304,78.173],[100.031,77.942],[99.579,77.925],[99.407,78.017],[100.158,78.348],[100.061,78.404],[100.456,78.586],[100.328,78.618],[100.461,78.725],[100.906,78.794],[100.759,78.808],[101.338,79.204],[101.838,79.354],[101.981,79.246],[102.263,79.233],[102.213,79.358],[102.448,79.419]]],[[[97.558,80.163],[98.05,80.037],[97.971,80],[98.471,80],[98.633,80.083],[99.338,80.044],[99.132,80.009],[99.81,79.917],[100.085,79.783],[99.834,79.728],[100.318,79.663],[99.64,79.466],[99.825,79.391],[99.746,79.385],[99.804,79.273],[99.244,79.233],[99.856,79.089],[99.958,78.928],[98.627,78.769],[97.631,78.804],[97.534,78.825],[97.697,78.829],[96.904,79.004],[95.738,78.992],[95.667,79.098],[94.919,79.042],[94.68,79.14],[94.766,79.175],[94.298,79.301],[94.422,79.348],[94.353,79.405],[94.416,79.468],[93.68,79.571],[93.904,79.601],[93.844,79.619],[93.18,79.465],[94.065,79.767],[94.735,79.796],[94.351,79.888],[94.479,79.928],[94.357,79.975],[94.792,79.998],[94.988,80.108],[95.354,80.027],[95.642,80.115],[97.558,80.163]]],[[[90.888,81.229],[90.765,81.213],[91.179,81.231],[91.658,81.121],[90.765,81.031],[90.246,81.077],[90.148,81.167],[90.888,81.229]]]]}},{"type":"Feature","properties":{"hasc":"RU.KU","name":"Kurgan","name_ru":"Курганская область"},"geometry":{"type":"MultiPolygon","coordinates":[[[[63.536,54.212],[63.378,54.197],[63.109,54.369],[63.12,54.47],[63.288,54.532],[63.204,54.719],[62.714,54.669],[62.484,54.754],[62.184,54.684],[62.044,54.766],[61.961,55.048],[62.19,55.022],[62.253,55.116],[62.057,55.311],[62.211,55.347],[62.162,55.454],[62.576,55.523],[62.481,55.572],[62.541,55.773],[62.031,56.179],[62.042,56.301],[62.399,56.556],[62.559,56.601],[62.65,56.517],[62.946,56.648],[63.336,56.577],[63.496,56.65],[64.114,56.503],[64.221,56.525],[64.198,56.613],[64.377,56.794],[64.847,56.863],[64.968,56.797],[65.145,56.35],[65.634,56.317],[66,56.048],[66.257,56.113],[66.478,55.982],[66.679,56.074],[66.757,55.999],[67.253,55.973],[67.394,55.758],[68.158,55.734],[68.673,55.332],[68.617,55.189],[68.178,55.187],[68.288,55.069],[68.201,54.958],[67.868,54.977],[67.638,54.853],[67.314,54.867],[66.02,54.618],[65.946,54.713],[65.755,54.604],[65.491,54.65],[65.482,54.573],[65.201,54.525],[65.223,54.342],[64.642,54.398],[63.536,54.212]]]]}},{"type":"Feature","properties":{"hasc":"RU.KS","name":"Kursk","name_ru":"Курская область"},"geometry":{"type":"MultiPolygon","coordinates":[[[[36.988,51.193],[36.566,51.084],[36.039,51.19],[35.845,50.977],[35.535,50.947],[35.385,51.072],[35.196,51.059],[35.124,51.221],[34.287,51.249],[34.343,51.364],[34.224,51.406],[34.318,51.529],[34.092,51.669],[34.432,51.739],[34.323,52.045],[34.649,52.099],[34.644,52.223],[34.812,52.23],[34.931,52.37],[35.461,52.48],[35.613,52.29],[36.342,52.388],[36.482,52.249],[37.192,52.092],[37.403,51.955],[37.731,52.057],[38.004,51.913],[38.34,51.959],[38.646,51.719],[38.212,51.653],[38.367,51.478],[38.37,51.279],[37.929,51.421],[37.158,51.317],[36.988,51.193]]]]}},{"type":"Feature","properties":{"hasc":"RU.LN","name":"Leningrad","name_ru":"Ленинградская область"},"geometry":{"type":"MultiPolygon","coordinates":[[[[28.204,59.363],[28.045,59.47],[28.028,59.751],[28.17,59.786],[28.383,59.66],[28.473,59.827],[28.964,59.808],[29.13,59.987],[29.688,59.98],[29.676,59.863],[30.264,59.609],[30.771,59.744],[30.517,59.851],[30.525,59.986],[30.352,60.051],[30.384,60.128],[29.638,60.266],[29.413,60.16],[29.113,60.167],[28.806,60.356],[28.615,60.353],[28.438,60.547],[28.708,60.436],[28.621,60.532],[28.695,60.592],[28.648,60.664],[28.743,60.661],[28.682,60.731],[28.766,60.721],[28.698,60.771],[28.221,60.523],[27.78,60.49],[28.175,60.776],[29.322,61.336],[29.64,61.188],[32.785,60.647],[33.442,61.012],[33.789,60.967],[33.902,61.103],[33.472,61.196],[33.774,61.276],[34.21,61.273],[34.473,61.156],[34.507,61.247],[34.804,61.345],[35.157,61.259],[35.35,61.315],[35.346,61.208],[35.713,61.171],[35.52,61.005],[35.557,60.888],[35.203,60.797],[35.342,60.569],[35.144,60.155],[35.234,60.118],[35.174,60.05],[35.512,59.987],[35.434,59.768],[35.652,59.715],[35.67,59.628],[35.553,59.671],[35.382,59.303],[34.955,59.271],[34.746,59.076],[34.363,59.16],[34.079,59.115],[33.693,59.346],[33.342,59.281],[33.068,59.406],[32.668,59.062],[31.989,59.387],[31.837,59.269],[31.548,59.341],[31.603,59.203],[31.406,59.021],[31.049,59.039],[30.729,58.722],[30.16,58.73],[30.157,58.464],[29.762,58.41],[29.292,58.561],[29.01,58.782],[28.319,58.841],[28.055,58.99],[27.727,58.936],[27.906,59.249],[28.204,59.363]],[[28.021,59.296],[28.021,59.296],[28.021,59.296],[28.021,59.296]],[[28.021,59.296],[28.021,59.296],[28.021,59.296],[28.021,59.296]],[[27.739,59.013],[27.739,59.012],[27.74,59.014],[27.739,59.013],[27.739,59.013]],[[27.74,59.014],[27.741,59.014],[27.742,59.016],[27.738,59.014],[27.74,59.014]],[[27.757,59.033],[27.753,59.033],[27.747,59.031],[27.757,59.033],[27.757,59.033]],[[27.77,59.055],[27.77,59.054],[27.77,59.054],[27.771,59.055],[27.77,59.055]],[[27.802,59.105],[27.807,59.106],[27.809,59.108],[27.804,59.111],[27.802,59.114],[27.799,59.11],[27.802,59.105]],[[27.803,59.116],[27.803,59.119],[27.8,59.115],[27.803,59.115],[27.803,59.116]],[[27.811,59.133],[27.811,59.133],[27.811,59.132],[27.812,59.132],[27.811,59.133]],[[27.814,59.133],[27.814,59.134],[27.812,59.133],[27.813,59.133],[27.814,59.133]],[[27.815,59.134],[27.815,59.133],[27.817,59.134],[27.815,59.134],[27.815,59.134]],[[27.818,59.135],[27.818,59.134],[27.819,59.135],[27.819,59.135],[27.818,59.135]],[[27.816,59.136],[27.816,59.136],[27.817,59.137],[27.816,59.137],[27.816,59.136]],[[27.817,59.138],[27.816,59.137],[27.816,59.137],[27.818,59.138],[27.817,59.138]],[[27.817,59.138],[27.817,59.138],[27.817,59.138],[27.817,59.138],[27.817,59.138]],[[27.819,59.139],[27.819,59.14],[27.817,59.139],[27.818,59.138],[27.819,59.139]],[[27.868,59.167],[27.864,59.164],[27.865,59.166],[27.863,59.163],[27.86,59.166],[27.861,59.162],[27.859,59.161],[27.865,59.163],[27.868,59.167]],[[27.878,59.18],[27.878,59.181],[27.874,59.179],[27.872,59.175],[27.88,59.18],[27.878,59.179],[27.878,59.18]],[[27.883,59.184],[27.882,59.185],[27.881,59.183],[27.883,59.184],[27.883,59.184]],[[27.896,59.213],[27.895,59.213],[27.895,59.213],[27.896,59.213],[27.896,59.213]],[[27.89,59.216],[27.89,59.215],[27.892,59.216],[27.89,59.216],[27.89,59.216]],[[27.895,59.22],[27.895,59.221],[27.896,59.222],[27.893,59.219],[27.895,59.22]],[[27.898,59.227],[27.896,59.227],[27.896,59.226],[27.897,59.226],[27.898,59.227]],[[27.779,59.067],[27.778,59.068],[27.778,59.068],[27.778,59.067],[27.779,59.067]],[[27.791,59.071],[27.791,59.072],[27.791,59.073],[27.79,59.071],[27.791,59.071]],[[27.782,59.067],[27.79,59.07],[27.789,59.072],[27.792,59.077],[27.788,59.081],[27.787,59.088],[27.78,59.081],[27.782,59.078],[27.778,59.069],[27.779,59.066],[27.782,59.067]],[[28.043,59.296],[28.042,59.296],[28.041,59.296],[28.042,59.296],[28.043,59.296]],[[28.06,59.296],[28.061,59.296],[28.062,59.297],[28.061,59.297],[28.06,59.296]],[[28.046,59.297],[28.047,59.297],[28.048,59.298],[28.047,59.298],[28.046,59.297]],[[28.06,59.297],[28.06,59.297],[28.061,59.298],[28.061,59.298],[28.06,59.297]],[[28.041,59.296],[28.04,59.298],[28.039,59.298],[28.04,59.296],[28.041,59.296]],[[28.065,59.298],[28.063,59.297],[28.063,59.297],[28.066,59.298],[28.065,59.298]],[[28.038,59.298],[28.034,59.297],[28.034,59.296],[28.039,59.296],[28.038,59.298]],[[28.06,59.298],[28.058,59.297],[28.062,59.298],[28.061,59.298],[28.06,59.298]],[[28.118,59.298],[28.118,59.298],[28.117,59.297],[28.119,59.297],[28.118,59.298]],[[28.047,59.298],[28.042,59.298],[28.041,59.298],[28.045,59.297],[28.047,59.298]],[[28.039,59.299],[28.039,59.298],[28.041,59.299],[28.039,59.299],[28.039,59.299]],[[28.043,59.299],[28.044,59.299],[28.045,59.299],[28.044,59.299],[28.043,59.299]],[[28.047,59.299],[28.048,59.299],[28.049,59.299],[28.047,59.299],[28.047,59.299]],[[28.145,59.337],[28.146,59.336],[28.147,59.337],[28.147,59.337],[28.145,59.337]],[[28.13,59.338],[28.131,59.338],[28.131,59.338],[28.13,59.339],[28.13,59.338]],[[28.134,59.341],[28.135,59.341],[28.135,59.341],[28.135,59.341],[28.134,59.341]],[[28.171,59.344],[28.171,59.344],[28.171,59.344],[28.171,59.344],[28.171,59.344]],[[28.16,59.344],[28.161,59.344],[28.162,59.344],[28.161,59.344],[28.16,59.344]],[[28.185,59.349],[28.185,59.349],[28.184,59.349],[28.185,59.349],[28.185,59.349]],[[28.185,59.351],[28.184,59.351],[28.184,59.351],[28.184,59.351],[28.185,59.351]],[[28.191,59.348],[28.19,59.352],[28.19,59.352],[28.189,59.348],[28.191,59.348]],[[28.187,59.352],[28.187,59.352],[28.187,59.352],[28.187,59.352]],[[28.196,59.36],[28.196,59.36],[28.196,59.36],[28.196,59.36],[28.196,59.36]],[[28.195,59.355],[28.2,59.358],[28.199,59.361],[28.193,59.355],[28.195,59.355]],[[27.91,59.248],[27.91,59.248],[27.91,59.249],[27.91,59.249],[27.91,59.248]],[[27.911,59.249],[27.909,59.249],[27.91,59.249],[27.912,59.248],[27.913,59.249],[27.911,59.249]],[[27.915,59.251],[27.913,59.25],[27.913,59.249],[27.913,59.249],[27.915,59.251]],[[27.911,59.251],[27.911,59.251],[27.911,59.251],[27.912,59.251],[27.911,59.251]],[[28,59.282],[28.001,59.282],[28.001,59.282],[28.001,59.282],[28,59.282]],[[28,59.282],[28,59.282],[28,59.282],[28,59.282],[28,59.282]],[[28.003,59.282],[28.003,59.282],[28.003,59.283],[28.003,59.282]],[[28.001,59.283],[28.001,59.283],[28.001,59.283],[28.001,59.283],[28.001,59.283]],[[28.012,59.287],[28.006,59.285],[28.003,59.283],[28.013,59.286],[28.012,59.287]],[[28.005,59.287],[28.005,59.287],[28.005,59.287],[28.005,59.287],[28.005,59.287]],[[28.002,59.287],[28.001,59.287],[28.001,59.287],[28.002,59.287],[28.002,59.287]],[[28.003,59.287],[28.003,59.288],[28.001,59.287],[28.002,59.287],[28.003,59.287]],[[28.006,59.288],[28.004,59.288],[28.008,59.288],[28.007,59.288],[28.006,59.288]],[[28,59.289],[28,59.289],[27.997,59.287],[28.001,59.288],[28,59.289]],[[28.024,59.289],[28.023,59.288],[28.025,59.289],[28.025,59.289],[28.024,59.289]],[[28.005,59.289],[28.005,59.289],[28.004,59.289],[28.004,59.288],[28.005,59.289]],[[28.006,59.289],[28.006,59.289],[28.006,59.289],[28.006,59.289],[28.006,59.289]],[[28.024,59.289],[28.024,59.289],[28.025,59.289],[28.025,59.289],[28.024,59.289]],[[28.007,59.29],[28.007,59.289],[28.006,59.289],[28.008,59.289],[28.007,59.29]],[[28.028,59.293],[28.027,59.292],[28.027,59.292],[28.029,59.292],[28.028,59.293]],[[28.04,59.293],[28.04,59.292],[28.041,59.293],[28.04,59.293],[28.04,59.293]],[[28.039,59.293],[28.038,59.294],[28.038,59.293],[28.038,59.292],[28.039,59.293]],[[28.035,59.294],[28.031,59.294],[28.029,59.292],[28.038,59.294],[28.035,59.294]],[[28.019,59.296],[28.015,59.295],[28.014,59.294],[28.019,59.295],[28.019,59.296]],[[28.022,59.296],[28.023,59.296],[28.023,59.296],[28.022,59.296],[28.022,59.296]],[[28.019,59.296],[28.02,59.296],[28.02,59.296],[28.019,59.296],[28.019,59.296]],[[28.026,59.298],[28.025,59.297],[28.026,59.297],[28.023,59.295],[28.03,59.296],[28.026,59.298]],[[28.027,59.298],[28.027,59.298],[28.029,59.298],[28.028,59.298],[28.027,59.298]],[[28.187,59.401],[28.185,59.401],[28.192,59.397],[28.191,59.4],[28.187,59.401]],[[28.164,59.409],[28.165,59.408],[28.166,59.408],[28.166,59.408],[28.164,59.409]],[[28.142,59.343],[28.142,59.343],[28.142,59.343],[28.142,59.343],[28.142,59.343]]]]}},{"type":"Feature","properties":{"hasc":"RU.LP","name":"Lipetsk","name_ru":"Липецкая область"},"geometry":{"type":"MultiPolygon","coordinates":[[[[40.007,51.954],[39.765,51.909],[39.594,51.952],[39.552,52.056],[39.222,52.09],[39.104,51.974],[38.73,52.101],[38.251,51.924],[37.943,51.925],[37.758,52.156],[38.087,52.346],[37.697,52.642],[37.887,52.771],[37.825,52.943],[37.908,53.067],[38.278,53.054],[38.325,52.953],[38.508,53.068],[38.633,53.02],[38.712,53.111],[38.537,53.32],[38.823,53.37],[38.766,53.526],[39.033,53.564],[39.203,53.382],[39.559,53.414],[39.587,53.507],[39.844,53.563],[40.196,53.317],[40.127,53.192],[40.212,52.965],[40.115,52.891],[40.182,52.801],[40.011,52.746],[40.065,52.585],[40.819,52.197],[40.607,51.936],[40.007,51.954]]]]}},{"type":"Feature","properties":{"hasc":"RU.MG","name":"Magadan","name_ru":"Магаданская область"},"geometry":{"type":"MultiPolygon","coordinates":[[[[155.748,60.675],[154.413,60.068],[154.487,59.881],[154.221,59.867],[154.37,59.575],[154.248,59.669],[154.051,59.526],[154.293,59.437],[154.399,59.535],[154.422,59.414],[154.543,59.434],[154.414,59.551],[154.973,59.496],[155.21,59.347],[155.182,59.174],[154.832,59.197],[154.806,59.127],[154.332,59.209],[154.355,59.108],[154.042,59.047],[153.686,59.184],[153.777,59.251],[153.641,59.19],[153.373,59.255],[153.268,59.134],[153.338,59.088],[153.016,59.067],[152.905,58.906],[152.353,59.062],[152.397,59.009],[152.068,58.887],[151.345,58.837],[151.103,59.106],[152.324,59.226],[151.736,59.3],[151.677,59.445],[151.408,59.605],[150.916,59.566],[150.94,59.455],[150.76,59.433],[150.5,59.485],[150.772,59.563],[149.395,59.729],[149.451,59.77],[149.048,59.616],[149.227,59.462],[148.931,59.453],[148.876,59.55],[148.719,59.461],[148.737,59.361],[148.987,59.376],[148.929,59.233],[148.417,59.253],[148.4,59.376],[148.204,59.409],[147.762,59.356],[147.846,59.293],[147.542,59.236],[146.963,59.37],[147.196,59.416],[147.279,59.645],[147.231,59.868],[147.107,59.954],[146.859,59.897],[146.747,59.992],[146.773,60.096],[146.471,60.226],[145.937,60.184],[145.621,60.354],[145.694,60.372],[145.632,60.485],[146.021,60.694],[146.583,60.708],[146.534,60.898],[146.739,60.938],[146.844,61.092],[146.69,61.578],[146.245,61.906],[145.773,62.067],[145.492,61.92],[145.528,61.971],[145.295,61.946],[144.777,62.102],[145.154,62.226],[145.25,62.433],[145.189,62.48],[145.486,62.553],[145.381,62.767],[145.449,62.951],[145.255,63.022],[145.321,63.104],[145.231,63.16],[145.673,63.673],[145.654,63.836],[146.137,63.925],[146.357,64.154],[146.89,64.16],[147.336,64.044],[147.645,64.141],[147.705,64.114],[147.635,64.029],[147.767,63.935],[148.041,63.936],[148.301,64.204],[148.049,64.403],[148.369,64.529],[148.65,64.415],[149.315,64.376],[149.945,64.544],[150.103,64.467],[149.998,64.392],[150.022,64.299],[150.51,64.159],[150.619,64.157],[150.664,64.335],[151.41,64.306],[151.909,64.466],[152.099,64.43],[152.041,64.368],[152.11,64.35],[152.356,64.376],[152.319,64.527],[152.797,64.715],[152.624,64.778],[152.494,64.997],[152.622,65.028],[152.716,65.215],[153.418,65.329],[153.521,65.426],[153.434,65.524],[153.587,65.603],[153.551,65.816],[154.088,65.874],[154.251,65.794],[154.441,65.98],[154.284,66.073],[154.618,66.204],[154.92,66.108],[155.906,66.169],[156.09,66.058],[156.423,66.041],[156.687,66.19],[157.015,66.036],[156.949,65.966],[157.441,65.899],[157.725,66.089],[158.147,66.141],[158.558,66.073],[158.617,66.1],[158.459,66.224],[158.709,66.313],[159.244,66.203],[158.978,65.99],[158.968,65.75],[159.131,65.674],[160.132,65.5],[160.64,65.175],[161.686,65.043],[162.109,64.79],[163.234,64.669],[163.241,64.542],[163.514,64.371],[163.251,64.257],[163.289,64.2],[162.866,64.119],[162.971,63.862],[162.789,63.725],[163.071,63.499],[162.748,63.368],[162.826,63.174],[162.426,63.091],[162.289,62.917],[162.672,62.742],[162.596,62.693],[162.83,62.645],[162.683,62.548],[162.801,62.439],[162.754,62.261],[162.2,62.105],[162.549,61.979],[162.284,61.884],[162.476,61.696],[161.995,61.378],[161.89,61.412],[161.9,61.34],[161.809,61.37],[160.913,60.9],[160.791,60.721],[160.427,60.75],[160.15,60.577],[160.256,60.713],[160.182,60.82],[160.383,60.905],[160.447,61.035],[159.796,60.932],[160.006,61.112],[159.939,61.245],[159.786,61.262],[160.01,61.288],[159.903,61.316],[160.281,61.555],[160.325,61.668],[160.255,61.691],[160.412,61.761],[160.348,61.94],[159.575,61.652],[159.511,61.711],[159.575,61.82],[159.467,61.765],[159.348,61.823],[159.395,61.879],[159.169,61.921],[158.073,61.733],[157.45,61.777],[156.671,61.518],[156.654,61.198],[155.94,60.937],[155.916,60.713],[155.748,60.675]]]]}},{"type":"Feature","properties":{"hasc":"RU.ME","name":"Mariy-El","name_ru":"Республика Марий Эл"},"geometry":{"type":"MultiPolygon","coordinates":[[[[47.482,56.202],[47.395,56.334],[47.186,56.339],[46.153,56.021],[46.099,56.176],[45.873,56.269],[45.961,56.405],[45.631,56.498],[45.732,56.633],[45.925,56.66],[45.908,56.843],[46.319,56.966],[46.704,56.998],[47.123,56.937],[47.156,56.85],[47.51,56.866],[47.76,57.08],[48.065,57.025],[48.284,57.173],[48.802,57.199],[48.938,57.097],[49.079,57.212],[49.053,57.317],[49.175,57.341],[49.274,57.064],[49.768,57.061],[49.754,56.913],[50.098,56.865],[50.078,56.638],[50.213,56.584],[50.021,56.467],[49.836,56.455],[49.761,56.557],[49.375,56.389],[49.04,56.401],[48.904,56.301],[49.073,56.227],[48.69,56.099],[48.434,55.836],[48.03,55.957],[47.913,56.129],[47.482,56.202]]]]}},{"type":"Feature","properties":{"hasc":"RU.MR","name":"Mordovia","name_ru":"Республика Мордовия"},"geometry":{"type":"MultiPolygon","coordinates":[[[[45.185,53.963],[44.678,53.89],[44.639,53.831],[44.774,53.699],[44.598,53.661],[44.15,53.704],[43.931,53.892],[43.268,54.01],[43.211,53.81],[42.626,53.761],[42.57,53.823],[42.523,53.713],[42.353,53.804],[42.525,53.934],[42.284,54.065],[42.556,54.051],[42.722,54.163],[42.482,54.227],[42.298,54.143],[42.199,54.233],[42.646,54.336],[42.552,54.414],[42.734,54.553],[42.404,54.721],[42.404,54.816],[43.125,54.765],[43.407,54.941],[44.122,54.732],[44.257,54.591],[44.699,54.533],[44.637,54.459],[45.152,54.471],[45.033,54.594],[45.096,54.754],[45.475,54.906],[45.445,55.044],[45.689,55.177],[45.789,55.162],[45.779,54.977],[46.305,55.068],[46.276,54.959],[46.547,54.661],[46.454,54.577],[46.575,54.519],[46.494,54.491],[46.631,54.504],[46.565,54.421],[46.713,54.362],[46.007,54.137],[45.784,53.927],[45.34,53.878],[45.185,53.963]]]]}},{"type":"Feature","properties":{"hasc":"NA","name":"MoscowCity","name_ru":"NA"},"geometry":{"type":"MultiPolygon","coordinates":[[[[37.718,55.883],[37.985,55.708],[37.633,55.558],[37.623,55.48],[37.509,55.51],[37.584,55.565],[37.468,55.643],[37.361,55.624],[37.45,55.664],[37.348,55.752],[37.44,55.854],[37.37,55.94],[37.457,55.861],[37.581,55.944],[37.718,55.883]]]]}},{"type":"Feature","properties":{"hasc":"RU.MS","name":"Moskva","name_ru":"Московская область"},"geometry":{"type":"MultiPolygon","coordinates":[[[[38.858,54.567],[38.816,54.451],[38.998,54.372],[38.741,54.325],[38.678,54.228],[38.496,54.277],[38.416,54.441],[38.489,54.628],[38.265,54.616],[37.965,54.831],[37.797,54.812],[37.718,54.693],[37.237,54.828],[37.134,55.132],[36.976,55.22],[36.819,55.176],[36.609,55.31],[36.301,55.142],[35.777,55.262],[35.393,55.204],[35.286,55.287],[35.318,55.538],[35.406,55.589],[35.151,55.923],[35.346,56.059],[35.32,56.194],[35.509,56.228],[35.434,56.426],[35.68,56.461],[36.103,56.314],[36.827,56.575],[37.125,56.522],[37.096,56.734],[37.513,56.764],[37.581,56.893],[37.743,56.939],[38.094,56.744],[38.297,56.77],[38.433,56.689],[38.351,56.678],[38.409,56.561],[38.321,56.516],[38.488,56.378],[38.44,56.252],[38.565,56.198],[38.631,55.971],[39.08,55.933],[39.519,55.73],[39.924,55.816],[40.115,55.642],[40.08,55.508],[40.222,55.479],[40.174,55.249],[39.747,55.103],[39.88,55.096],[39.825,54.991],[39.472,54.911],[39.25,54.619],[38.858,54.567]],[[37.812,55.845],[37.604,55.944],[37.457,55.861],[37.373,55.942],[37.44,55.854],[37.348,55.752],[37.45,55.664],[37.361,55.624],[37.468,55.643],[37.584,55.565],[37.509,55.51],[37.634,55.483],[37.633,55.558],[37.985,55.708],[37.812,55.845]],[[37.906,55.812],[37.909,55.813],[37.903,55.812],[37.903,55.81],[37.893,55.808],[37.879,55.801],[37.89,55.794],[37.902,55.797],[37.906,55.795],[37.908,55.799],[37.912,55.799],[37.919,55.805],[37.928,55.802],[37.933,55.804],[37.917,55.809],[37.908,55.808],[37.906,55.812]],[[37.278,55.584],[37.275,55.579],[37.27,55.577],[37.272,55.572],[37.268,55.571],[37.268,55.567],[37.275,55.568],[37.277,55.566],[37.283,55.565],[37.347,55.582],[37.341,55.59],[37.347,55.593],[37.348,55.597],[37.335,55.603],[37.318,55.599],[37.313,55.599],[37.314,55.602],[37.312,55.6],[37.306,55.602],[37.304,55.601],[37.294,55.602],[37.282,55.597],[37.284,55.594],[37.281,55.586],[37.278,55.584]],[[37.254,55.59],[37.258,55.593],[37.258,55.597],[37.246,55.602],[37.233,55.6],[37.22,55.59],[37.223,55.588],[37.237,55.589],[37.244,55.586],[37.248,55.587],[37.248,55.589],[37.254,55.59]],[[37.295,55.953],[37.297,55.954],[37.294,55.955],[37.294,55.957],[37.296,55.959],[37.298,55.966],[37.3,55.968],[37.298,55.97],[37.295,55.974],[37.286,55.974],[37.292,55.979],[37.281,55.985],[37.28,55.987],[37.273,55.988],[37.244,55.999],[37.24,56.003],[37.235,56.003],[37.221,56.008],[37.217,56.006],[37.211,56.002],[37.201,56],[37.194,56],[37.189,56.004],[37.168,56.004],[37.163,56.002],[37.164,56],[37.182,55.984],[37.185,55.979],[37.178,55.976],[37.175,55.971],[37.179,55.961],[37.177,55.952],[37.179,55.951],[37.178,55.948],[37.179,55.946],[37.198,55.944],[37.204,55.945],[37.207,55.943],[37.214,55.944],[37.216,55.943],[37.217,55.939],[37.22,55.939],[37.221,55.941],[37.223,55.941],[37.235,55.937],[37.234,55.935],[37.235,55.934],[37.246,55.933],[37.251,55.934],[37.253,55.94],[37.251,55.943],[37.246,55.942],[37.242,55.954],[37.245,55.955],[37.243,55.957],[37.244,55.961],[37.251,55.962],[37.251,55.964],[37.252,55.967],[37.265,55.965],[37.273,55.966],[37.286,55.954],[37.295,55.953]],[[37.392,55.947],[37.396,55.945],[37.4,55.945],[37.44,55.951],[37.444,55.95],[37.447,55.946],[37.45,55.945],[37.479,55.956],[37.485,55.956],[37.491,55.96],[37.499,55.962],[37.502,55.964],[37.49,55.965],[37.482,55.969],[37.462,55.971],[37.461,55.973],[37.463,55.975],[37.462,55.978],[37.452,55.979],[37.449,55.978],[37.445,55.972],[37.442,55.97],[37.426,55.969],[37.42,55.964],[37.392,55.95],[37.392,55.947]]]]}},{"type":"Feature","properties":{"hasc":"RU.MM","name":"Murmansk","name_ru":"Мурманская область"},"geometry":{"type":"MultiPolygon","coordinates":[[[[32.091,66.384],[31.849,66.381],[31.595,66.522],[31.576,66.626],[31.357,66.651],[29.377,66.606],[29.086,66.824],[29.039,66.961],[29.959,67.517],[30.036,67.674],[29.695,67.794],[29.346,68.073],[28.66,68.195],[28.45,68.548],[28.804,68.875],[28.435,68.908],[29.137,69.049],[29.31,69.182],[29.315,69.303],[30.11,69.463],[30.196,69.557],[30.117,69.665],[30.82,69.542],[30.946,69.586],[30.852,69.792],[31.45,69.689],[31.371,69.638],[31.81,69.646],[31.682,69.707],[31.719,69.806],[32.091,69.763],[31.89,69.905],[32.075,69.942],[33.12,69.717],[32.831,69.567],[32.196,69.629],[32.108,69.744],[32.145,69.692],[31.959,69.629],[32.075,69.591],[32.005,69.551],[32.431,69.556],[32.508,69.482],[32.429,69.448],[32.904,69.462],[32.796,69.373],[33.077,69.452],[32.815,69.288],[33.131,69.435],[33.504,69.402],[33.409,69.352],[33.477,69.303],[33.211,69.254],[33.456,69.264],[33.313,69.219],[33.497,69.227],[33.481,69.157],[33.055,69.066],[33.017,68.888],[33.08,69.052],[33.583,69.136],[33.596,69.3],[34.315,69.302],[34.975,69.214],[34.933,69.167],[35.317,69.248],[36.281,69.098],[37.81,68.641],[38.44,68.298],[38.452,68.394],[38.785,68.248],[38.494,68.342],[38.644,68.373],[39.581,68.031],[39.866,68.03],[39.758,68.154],[40.375,67.885],[40.278,67.84],[40.419,67.757],[40.916,67.725],[41.037,67.633],[40.973,67.453],[41.12,67.408],[41.08,67.251],[41.35,67.202],[41.292,67.138],[41.41,67.106],[41.306,66.975],[41.128,67.075],[41.279,66.979],[41.225,66.832],[40.46,66.407],[40.002,66.254],[38.75,66.069],[37.913,66.083],[37.015,66.258],[35.548,66.383],[34.904,66.594],[34.463,66.54],[34.369,66.622],[34.497,66.633],[34.101,66.673],[34.169,66.779],[33.942,66.683],[33.617,66.838],[33.546,66.792],[33.631,66.709],[33.502,66.717],[32.786,67.023],[32.977,67.087],[32.356,67.16],[31.869,67.138],[32.291,67.102],[32.564,66.979],[32.403,66.871],[33.322,66.609],[32.574,66.602],[32.493,66.492],[32.276,66.482],[32.441,66.424],[32.091,66.384]]]]}},{"type":"Feature","properties":{"hasc":"RU.NN","name":"Nenets","name_ru":"Ненецкий А О"},"geometry":{"type":"MultiPolygon","coordinates":[[[[52.994,67.656],[53.402,67.873],[53.933,67.93],[54.234,68.218],[54.465,68.292],[54.87,68.151],[54.956,68.245],[54.853,68.308],[54.99,68.416],[55.381,68.548],[55.983,68.648],[57.3,68.527],[57.664,68.733],[57.232,68.714],[57.938,68.802],[57.977,68.738],[58.042,68.781],[57.977,68.808],[58.856,68.975],[59.331,68.968],[58.954,68.91],[59.46,68.754],[59.468,68.669],[59.121,68.597],[59.138,68.394],[59.879,68.352],[60,68.45],[59.798,68.627],[59.948,68.706],[60.49,68.702],[60.898,68.888],[61.195,68.819],[60.901,68.919],[60.975,68.983],[60.889,69.131],[60.651,69.123],[60.635,69.258],[60.192,69.553],[60.338,69.663],[60.75,69.655],[60.723,69.81],[60.852,69.856],[63.094,69.688],[64.394,69.475],[64.985,69.285],[64.698,69.245],[64.804,69.22],[64.713,69.125],[64.795,69.075],[64.6,69.008],[64.646,68.903],[65.444,68.785],[65.617,68.704],[65.572,68.65],[65.711,68.53],[65.318,68.372],[64.584,68.335],[64.611,68.197],[63.934,68.027],[63.99,67.916],[63.752,67.752],[63.382,67.772],[62.968,67.539],[62.945,67.404],[61.705,67.017],[55.972,66.978],[52.166,67.076],[51.532,66.907],[51.554,66.78],[48.931,66.109],[48.108,66.135],[47.678,65.943],[47.75,65.839],[47.137,65.835],[46.411,66.075],[45.607,66.089],[44.212,66.395],[44.44,66.635],[44.583,66.655],[44.359,66.769],[44.531,66.904],[44.305,67.036],[44.385,67.081],[43.765,67.241],[44.063,67.658],[44.2,67.671],[44.071,67.682],[44.119,67.881],[44.354,67.911],[44.144,67.898],[44.155,68.016],[44.383,68.043],[44.155,68.036],[44.193,68.308],[43.271,68.656],[44.063,68.531],[45.735,68.488],[45.914,68.452],[45.853,68.454],[46.029,68.337],[45.928,68.329],[45.984,68.294],[46.545,68.12],[46.421,68.096],[46.531,68.091],[46.693,67.807],[45.363,67.715],[45.31,67.573],[44.963,67.475],[44.915,67.328],[45.583,67.16],[45.803,66.89],[46.013,66.817],[46.66,66.815],[47.606,66.873],[47.746,67.006],[47.766,67.133],[47.68,67.189],[47.939,67.442],[47.832,67.579],[47.996,67.638],[48.677,67.694],[49.07,67.598],[48.73,67.701],[48.785,67.806],[48.715,67.867],[49.188,67.854],[50.783,68.36],[51.075,68.342],[52.208,68.573],[52.032,68.486],[52.318,68.468],[52.153,68.361],[52.446,68.329],[52.752,68.479],[52.49,68.576],[52.648,68.635],[52.29,68.595],[53.065,68.804],[52.851,68.676],[53.163,68.59],[53.233,68.635],[53.009,68.698],[53.212,68.676],[53.098,68.817],[53.929,68.967],[54.587,68.972],[53.598,68.9],[53.995,68.835],[53.719,68.621],[53.945,68.403],[53.833,68.315],[53.433,68.371],[53.171,68.222],[53.208,68.158],[53.283,68.242],[53.918,68.218],[53.86,68.183],[54.221,68.308],[54.002,68.021],[53.157,67.87],[53.273,67.856],[53.069,67.675],[52.578,67.701],[52.963,67.806],[51.976,67.555],[52.606,67.692],[52.994,67.656]]],[[[49.156,69.502],[49.931,69.319],[50.065,69.165],[50.179,69.171],[50.007,69.291],[50.083,69.275],[50.312,69.126],[49.923,69.054],[49.719,68.865],[48.708,68.694],[48.215,68.88],[48.232,69.106],[48.378,69.306],[48.706,69.452],[49.156,69.502]]],[[[59.06,70.446],[60.454,69.929],[60.566,69.794],[60.183,69.66],[59.592,69.708],[59.722,69.783],[58.986,69.931],[59.185,69.855],[59.065,69.859],[58.421,70.232],[58.856,70.192],[58.515,70.325],[59.06,70.446]]]]}},{"type":"Feature","properties":{"hasc":"RU.NZ","name":"Nizhegorod","name_ru":"Нижегородская область"},"geometry":{"type":"MultiPolygon","coordinates":[[[[43.1,54.764],[42.609,54.764],[42.46,54.833],[42.517,54.971],[42.453,55],[42.224,54.943],[41.98,54.985],[42.021,55.077],[41.79,55.078],[42.137,55.409],[42.089,55.608],[42.927,56.16],[42.621,56.405],[42.913,56.473],[42.925,56.621],[42.801,56.662],[42.802,56.769],[43.515,56.883],[43.687,57.061],[43.498,57.114],[43.509,57.206],[43.873,57.362],[43.704,57.437],[44.079,57.441],[44.756,57.693],[44.887,58.066],[45.467,58.034],[45.632,57.922],[45.865,58.045],[46.39,58.08],[47.778,57.945],[47.602,57.838],[47.472,57.544],[46.781,57.508],[46.708,57.424],[46.839,57.216],[46.742,57.172],[46.761,56.959],[45.971,56.874],[45.893,56.816],[45.909,56.64],[45.671,56.586],[45.635,56.472],[45.961,56.405],[45.873,56.269],[46.107,56.162],[46.119,55.817],[45.978,55.644],[46.421,55.442],[46.057,55.181],[46.113,55.053],[45.779,54.977],[45.789,55.162],[45.504,55.096],[45.475,54.906],[45.096,54.754],[45.033,54.594],[45.152,54.471],[44.637,54.459],[44.699,54.533],[44.257,54.591],[43.973,54.789],[43.623,54.831],[43.63,54.928],[43.331,54.933],[43.1,54.764]]]]}},{"type":"Feature","properties":{"hasc":"RU.NO","name":"NorthOssetia","name_ru":"Республика Северная Осетия-Алани"},"geometry":{"type":"MultiPolygon","coordinates":[[[[44.279,42.7],[43.971,42.562],[43.77,42.588],[43.791,42.75],[43.416,42.899],[43.657,42.932],[43.933,43.265],[44.114,43.156],[44.183,43.341],[44.505,43.347],[44.531,43.574],[44.424,43.73],[44.889,43.727],[44.928,43.536],[44.612,43.535],[44.584,43.398],[44.661,43.346],[44.644,43.182],[44.93,43.045],[44.98,42.885],[44.88,42.795],[44.715,42.856],[44.677,42.748],[44.279,42.7]]]]}},{"type":"Feature","properties":{"hasc":"RU.NG","name":"Novgorod","name_ru":"Новгородская область"},"geometry":{"type":"MultiPolygon","coordinates":[[[[31.763,57.006],[31.656,56.89],[30.742,56.955],[30.845,57.208],[30.481,57.345],[30.714,57.584],[30.508,57.628],[30.573,57.869],[30.022,57.918],[29.695,58.068],[29.669,58.187],[29.928,58.287],[29.928,58.441],[30.157,58.464],[30.16,58.73],[30.729,58.722],[31.049,59.039],[31.447,59.05],[31.603,59.203],[31.548,59.341],[31.837,59.269],[31.989,59.387],[32.668,59.062],[33.068,59.406],[33.342,59.281],[33.651,59.355],[33.895,59.163],[34.967,59.057],[35.238,58.958],[35.2,58.815],[35.291,58.844],[35.311,58.77],[35.444,58.868],[35.762,58.829],[36.472,58.523],[35.37,58.371],[35.238,58.209],[34.851,58.229],[34.742,58.056],[34.11,58.206],[33.764,58.128],[33.6,58.011],[33.758,57.941],[33.592,57.757],[33.637,57.706],[33.356,57.665],[33.323,57.38],[32.856,57.42],[32.059,57.04],[31.763,57.006]]]]}},{"type":"Feature","properties":{"hasc":"RU.NS","name":"Novosibirsk","name_ru":"Новосибирская область"},"geometry":{"type":"MultiPolygon","coordinates":[[[[81.751,53.761],[81.716,53.829],[81.829,53.921],[81.568,53.925],[81.448,54.087],[81.111,54.116],[80.857,54.365],[80.819,54.25],[80.1,54.058],[79.462,53.708],[78.693,53.656],[78.591,53.528],[78.291,53.483],[78.173,53.611],[77.956,53.558],[78.063,53.45],[77.872,53.307],[76.584,53.968],[76.431,54.132],[76.749,54.16],[76.872,54.31],[76.782,54.378],[76.928,54.458],[76.652,54.346],[76.234,54.356],[76.227,54.274],[75.699,54.132],[75.669,54.46],[75.817,54.584],[75.794,54.667],[75.493,54.892],[75.303,54.892],[75.387,55.028],[75.1,55.343],[75.344,55.48],[75.158,55.539],[75.085,55.7],[75.324,55.728],[75.29,55.849],[75.465,56.027],[76.299,56.164],[76.105,56.302],[76.127,56.432],[75.815,56.464],[76.241,56.688],[76.104,57.23],[78.362,57.154],[79.734,56.835],[80.265,56.419],[81.145,56.524],[81.617,56.248],[82.78,56.391],[82.837,56.484],[83.11,56.524],[83.231,56.396],[83.077,56.24],[83.272,56.077],[83.354,55.842],[83.209,55.728],[83.279,55.674],[83.604,55.672],[83.969,55.99],[84.551,56.005],[84.568,55.735],[84.815,55.568],[84.786,55.444],[84.64,55.379],[84.882,55.374],[84.878,54.986],[85.079,54.8],[84.935,54.692],[85.05,54.629],[84.974,54.566],[85.081,54.383],[84.616,54.281],[84.419,54.135],[84.239,54.188],[83.484,54.088],[83.407,53.942],[83.288,54.034],[83.07,54.015],[82.702,53.801],[82.652,53.634],[82.453,53.514],[81.751,53.761]]]]}},{"type":"Feature","properties":{"hasc":"RU.OM","name":"Omsk","name_ru":"Омская область"},"geometry":{"type":"MultiPolygon","coordinates":[[[[72.403,53.996],[72.369,54.105],[72.492,54.139],[72.299,54.196],[72.163,54.362],[72.038,54.357],[72.172,54.133],[71.767,54.249],[71.656,54.103],[71.354,54.184],[71.147,54.123],[71.015,54.34],[71.203,54.323],[71.199,54.585],[71.302,54.657],[71.058,54.774],[71.015,55.073],[70.82,55.298],[70.575,55.259],[70.483,55.345],[70.772,55.563],[70.585,55.727],[70.843,55.806],[70.543,55.841],[70.846,55.906],[70.921,56.064],[70.788,56.213],[71.016,56.281],[70.822,56.403],[71.137,56.506],[71.068,56.653],[71.374,56.618],[71.563,56.692],[71.62,56.826],[71.049,57.323],[70.862,57.329],[70.789,57.208],[70.659,57.204],[70.421,57.344],[70.737,57.54],[70.495,57.742],[70.548,58.042],[70.873,58.521],[71.291,58.366],[71.303,58.024],[71.998,58.085],[72.171,57.991],[72.825,57.959],[73.147,58.134],[74.15,58.114],[74.915,58.394],[75.161,58.572],[75.34,58.439],[75.036,58.307],[75.234,58.207],[75.093,58.087],[75.518,57.942],[75.546,57.638],[75.71,57.596],[75.846,57.37],[76.004,57.348],[76.241,56.913],[76.241,56.688],[75.815,56.464],[76.127,56.432],[76.105,56.302],[76.299,56.164],[75.465,56.027],[75.29,55.849],[75.324,55.728],[75.085,55.7],[75.158,55.539],[75.344,55.48],[75.1,55.343],[75.387,55.028],[75.303,54.892],[75.493,54.892],[75.794,54.667],[75.817,54.584],[75.669,54.46],[75.699,54.132],[75.397,54.082],[75.473,53.979],[75.039,53.791],[74.812,53.82],[74.641,53.667],[74.472,53.684],[74.404,53.461],[74.242,53.594],[74.064,53.556],[74.075,53.626],[73.934,53.646],[73.675,53.624],[73.449,53.445],[73.247,53.573],[73.465,53.882],[73.691,53.862],[73.693,54.071],[73.536,53.952],[73.289,53.953],[72.981,54.098],[72.601,54.134],[72.521,54.047],[72.665,54.046],[72.722,53.95],[72.554,53.99],[72.48,53.91],[72.403,53.996]]]]}},{"type":"Feature","properties":{"hasc":"RU.OL","name":"Orel","name_ru":"Орловская область"},"geometry":{"type":"MultiPolygon","coordinates":[[[[37.216,52.062],[36.482,52.249],[36.285,52.398],[35.632,52.286],[35.461,52.48],[34.835,52.409],[35.027,52.559],[34.954,52.681],[35.05,52.698],[35.037,52.787],[34.771,52.889],[35.247,53.027],[35.264,53.094],[35.091,53.151],[35.126,53.285],[35.998,53.638],[36.501,53.391],[36.685,53.41],[36.75,53.305],[37.58,53.278],[37.581,53.142],[37.779,53.113],[37.882,52.901],[37.887,52.771],[37.702,52.606],[37.909,52.546],[37.851,52.524],[38.091,52.322],[37.772,52.171],[37.687,51.986],[37.533,52.043],[37.403,51.955],[37.216,52.062]]]]}},{"type":"Feature","properties":{"hasc":"RU.OB","name":"Orenburg","name_ru":"Оренбургская область"},"geometry":{"type":"MultiPolygon","coordinates":[[[[59.898,50.654],[59.531,50.515],[59.478,50.66],[58.909,50.699],[58.779,50.835],[58.599,50.827],[58.556,51.07],[58.292,51.161],[58.181,51.068],[57.754,51.13],[57.724,50.923],[57.51,50.878],[57.184,51.095],[56.729,51.078],[56.732,50.972],[56.497,51.088],[56.474,50.976],[56.19,50.933],[56.133,50.761],[55.693,50.568],[55.097,50.804],[55.052,50.932],[54.878,50.839],[54.706,50.894],[54.726,50.629],[54.508,50.54],[54.423,50.633],[54.513,50.848],[54.297,50.885],[54.034,51.163],[53.677,51.227],[53.635,51.389],[53.379,51.514],[52.571,51.46],[52.328,51.766],[52.108,51.656],[51.857,51.683],[51.757,51.591],[51.795,51.523],[51.67,51.474],[51.566,51.561],[51.314,51.49],[51.242,51.556],[51.36,51.57],[51.359,51.653],[50.837,51.747],[51.405,52.081],[51.387,52.315],[51.571,52.445],[51.481,52.542],[51.544,52.653],[51.685,52.68],[51.741,52.864],[52.104,53.036],[52.158,53.358],[52.303,53.395],[52.099,53.512],[52.446,54.013],[52.323,54.184],[52.402,54.333],[53.088,54.335],[53.14,54.258],[52.958,54.189],[53.047,54.085],[53.238,54.136],[53.443,54.033],[54.213,53.402],[54.507,53.359],[54.623,53.241],[54.897,53.246],[55.086,52.869],[55.334,52.869],[55.398,52.748],[55.231,52.679],[55.455,52.608],[55.527,52.427],[55.807,52.376],[56.077,52.672],[56.411,52.588],[56.354,52.52],[56.456,52.353],[56.252,52.184],[56.35,52.122],[56.468,52.2],[56.653,52.084],[56.764,51.939],[56.671,51.853],[56.848,51.677],[56.808,51.584],[56.954,51.619],[56.958,51.742],[57.253,51.561],[57.779,51.852],[58.286,51.705],[58.58,51.771],[58.772,52.077],[58.685,52.135],[58.722,52.264],[58.928,52.329],[58.871,52.468],[59.289,52.301],[59.287,52.449],[59.527,52.503],[60.219,52.395],[60.234,52.277],[59.984,52.054],[60.116,51.997],[60.102,51.882],[60.524,51.794],[60.402,51.685],[60.92,51.611],[61.003,51.465],[61.483,51.428],[61.676,51.265],[61.587,51.246],[61.427,50.794],[60.476,50.67],[60.069,50.866],[59.898,50.654]]]]}},{"type":"Feature","properties":{"hasc":"RU.PZ","name":"Penza","name_ru":"Пензенская область"},"geometry":{"type":"MultiPolygon","coordinates":[[[[45.319,52.404],[45.075,52.337],[44.63,52.511],[44.308,52.294],[43.815,52.445],[43.467,52.356],[43.284,52.452],[43.115,52.397],[43.277,52.675],[42.591,53.112],[42.442,53.312],[42.286,53.34],[42.309,53.435],[42.121,53.507],[42.114,53.781],[42.353,53.804],[42.523,53.713],[42.57,53.823],[42.626,53.761],[43.211,53.81],[43.268,54.01],[43.931,53.892],[44.15,53.704],[44.598,53.661],[44.78,53.715],[44.648,53.868],[44.891,53.954],[45.265,53.963],[45.34,53.878],[46.045,53.995],[46.499,53.625],[46.491,53.496],[46.723,53.486],[46.954,53.312],[46.914,52.924],[46.985,52.814],[46.803,52.642],[46.588,52.727],[46.002,52.524],[46.02,52.406],[45.68,52.519],[45.319,52.404]]]]}},{"type":"Feature","properties":{"hasc":"RU.PE","name":"Perm'","name_ru":"Пермская край"},"geometry":{"type":"MultiPolygon","coordinates":[[[[56.106,56.289],[55.793,56.508],[55.358,56.388],[54.963,56.405],[54.621,56.558],[54.402,56.372],[54.119,56.685],[53.906,56.629],[53.865,56.824],[54.066,56.838],[54.435,57.085],[54.307,57.155],[54.305,57.325],[54.17,57.347],[54.256,57.504],[54.063,57.598],[54.193,57.83],[54.118,57.99],[53.817,58.25],[53.888,58.336],[53.724,58.702],[53.896,58.788],[53.744,59.008],[53.826,59.098],[53.387,59.159],[53.209,59.363],[53.431,59.7],[53.556,59.71],[53.653,60.068],[53.444,60.231],[53.345,60.144],[52.286,60.266],[52.373,60.339],[52.343,60.455],[51.768,60.612],[51.909,60.9],[52.348,60.859],[52.473,60.982],[52.78,60.97],[52.87,61.091],[53.435,61.054],[53.342,60.9],[53.829,60.86],[53.881,60.987],[54.99,60.904],[55.317,61.159],[55.773,61.143],[55.907,61.296],[56.296,61.249],[56.456,61.459],[56.744,61.56],[58.85,61.519],[59.395,61.698],[59.497,61.578],[59.31,61.268],[59.501,60.766],[59.07,59.985],[58.631,59.737],[58.489,59.492],[59.158,59.171],[59.212,58.983],[59.108,58.837],[59.456,58.736],[59.476,58.546],[58.599,58.094],[58.688,57.938],[58.885,57.883],[58.876,57.788],[58.54,57.619],[58.472,57.735],[58.068,57.706],[57.897,57.402],[58.044,57.304],[57.998,57.207],[58.093,57.072],[57.953,57.097],[57.594,56.909],[57.286,56.925],[57.26,56.839],[57.442,56.676],[57.417,56.342],[57.206,56.188],[56.869,56.114],[56.499,56.384],[56.106,56.289]]]]}},{"type":"Feature","properties":{"hasc":"RU.PR","name":"Primor'ye","name_ru":"Приморский край"},"geometry":{"type":"MultiPolygon","coordinates":[[[[131.778,43.353],[131.695,43.204],[131.778,43.179],[131.687,43.203],[131.573,42.999],[131.37,42.941],[131.471,42.882],[131.257,42.77],[131.219,42.554],[131.109,42.672],[130.923,42.592],[130.808,42.634],[130.942,42.657],[130.779,42.658],[130.848,42.704],[130.651,42.657],[130.871,42.523],[130.662,42.296],[130.561,42.535],[130.623,42.623],[130.405,42.722],[131.107,42.915],[131.308,43.4],[131.184,43.557],[131.293,44.08],[131.103,44.692],[130.954,44.854],[131.491,44.968],[131.892,45.336],[132.059,45.236],[132.184,44.957],[132.112,44.741],[132.561,44.555],[132.852,45.056],[132.973,45.02],[133.136,45.127],[133.156,45.465],[133.467,45.613],[133.464,45.829],[133.668,45.944],[133.688,46.147],[133.91,46.265],[133.942,46.393],[133.85,46.471],[133.913,46.582],[134.502,46.763],[134.471,47.016],[134.607,46.973],[134.69,47.143],[135.133,47.225],[135.354,47.179],[135.455,47.054],[135.397,46.939],[135.61,46.998],[135.969,46.812],[136.1,46.889],[136.334,46.785],[136.6,46.816],[136.992,47.022],[136.937,47.103],[137.044,47.307],[137.416,47.211],[138.083,47.504],[137.985,47.629],[138.055,47.699],[137.434,47.807],[137.594,47.924],[137.407,47.998],[137.368,48.14],[138.164,48.325],[138.288,48.453],[138.444,48.421],[138.552,48.199],[138.707,48.186],[138.581,48.04],[138.787,47.846],[138.543,47.709],[138.602,47.619],[138.524,47.494],[138.863,47.487],[139.052,47.407],[138.991,47.316],[138.579,47.051],[138.344,46.539],[138.18,46.451],[138.103,46.237],[137.687,45.809],[136.802,45.198],[136.451,44.772],[136.357,44.8],[136.211,44.658],[136.15,44.496],[135.879,44.412],[135.648,44.175],[135.633,44.035],[135.454,43.949],[135.528,43.895],[135.437,43.765],[135.2,43.712],[135.142,43.505],[134.185,43.072],[133.923,42.866],[133.718,42.807],[133.649,42.875],[133.041,42.672],[133.09,42.743],[132.985,42.823],[133.05,42.899],[132.86,42.734],[132.776,42.909],[132.57,42.837],[132.403,42.948],[132.317,42.843],[132.284,43.071],[132.407,43.182],[132.299,43.339],[131.956,43.058],[131.842,43.082],[132.068,43.321],[131.971,43.26],[131.778,43.353]]]]}},{"type":"Feature","properties":{"hasc":"RU.PS","name":"Pskov","name_ru":"Псковская область"},"geometry":{"type":"MultiPolygon","coordinates":[[[[30.412,55.821],[29.97,55.89],[29.48,55.705],[29.371,55.765],[29.48,55.923],[29.426,55.972],[29.08,56.035],[28.729,55.967],[28.678,56.091],[28.312,56.063],[28.151,56.16],[28.241,56.29],[28.139,56.573],[27.905,56.747],[27.978,56.819],[27.668,56.839],[27.858,57.302],[27.511,57.446],[27.547,57.538],[27.318,57.58],[27.526,57.709],[27.55,57.834],[27.826,57.859],[27.491,58.219],[27.558,58.384],[27.504,58.86],[27.906,59],[28.185,58.957],[28.319,58.841],[29.01,58.782],[29.292,58.561],[29.703,58.416],[29.928,58.441],[29.928,58.287],[29.669,58.187],[29.695,58.068],[30.022,57.918],[30.573,57.869],[30.508,57.628],[30.714,57.584],[30.481,57.345],[30.845,57.208],[30.742,56.955],[31.013,56.942],[30.831,56.713],[31.071,56.615],[31.042,56.465],[31.561,56.291],[31.479,56.234],[31.539,56.06],[31.396,55.979],[31.457,55.751],[31.07,55.732],[30.808,55.598],[30.412,55.821]]]]}},{"type":"Feature","properties":{"hasc":"RU.RO","name":"Rostov","name_ru":"Ростовская область"},"geometry":{"type":"MultiPolygon","coordinates":[[[[40.323,46.295],[40.191,46.377],[40.166,46.523],[39.957,46.588],[40.026,46.754],[39.872,46.82],[39.384,46.878],[39.078,46.673],[38.8,46.629],[38.889,46.835],[38.661,46.872],[39.106,47.042],[39.297,47.022],[39.202,47.284],[38.576,47.115],[38.515,47.193],[38.235,47.12],[38.336,47.288],[38.224,47.313],[38.315,47.566],[38.765,47.684],[38.835,47.862],[39.763,47.825],[39.797,48.037],[40.018,48.251],[39.85,48.322],[39.946,48.37],[39.85,48.571],[39.658,48.624],[39.797,48.85],[39.991,48.801],[40.097,48.884],[39.83,48.889],[39.67,49.048],[39.935,49.063],[40.2,49.243],[40.163,49.458],[40.282,49.624],[40.589,49.581],[40.981,49.681],[41.442,50.187],[41.699,50.028],[41.669,49.938],[42.202,49.739],[42.098,49.16],[42.376,49.161],[42.43,49.036],[42.666,49.003],[42.805,48.856],[42.663,48.589],[42.085,48.419],[42.143,48.283],[42.033,48.249],[42.02,48.045],[42.514,47.985],[42.733,47.864],[43.012,47.484],[43.235,47.53],[43.27,47.41],[43.731,47.47],[43.825,47.309],[43.958,47.28],[44.205,47.539],[44.373,47.443],[44.284,46.896],[43.844,46.578],[43.96,46.549],[43.991,46.348],[43.862,46.282],[43.786,46.396],[43.645,46.157],[43.343,46.178],[42.99,46.396],[42.637,46.363],[42.099,46.575],[42.221,46.343],[41.972,46.313],[41.882,46.169],[41.7,46.191],[41.723,46.01],[41.402,45.952],[41.183,45.985],[40.95,46.292],[40.323,46.295]]]]}},{"type":"Feature","properties":{"hasc":"RU.RZ","name":"Ryazan'","name_ru":"Рязанская область"},"geometry":{"type":"MultiPolygon","coordinates":[[[[40.046,53.394],[39.844,53.563],[39.587,53.507],[39.559,53.414],[39.203,53.382],[39.08,53.541],[38.914,53.561],[39.007,53.75],[38.812,53.821],[38.932,53.933],[38.696,54.041],[38.814,54.143],[38.684,54.228],[38.741,54.325],[38.998,54.372],[38.816,54.451],[38.848,54.587],[39.25,54.619],[39.472,54.911],[39.826,54.992],[39.88,55.096],[39.747,55.103],[39.816,55.174],[40.204,55.31],[40.563,55.3],[40.605,55.178],[40.997,55.241],[41.082,55.122],[41.207,55.211],[41.453,55.109],[41.804,55.116],[41.869,55.026],[42.021,55.077],[41.998,54.974],[42.517,54.971],[42.469,54.81],[42.348,54.782],[42.734,54.553],[42.552,54.414],[42.662,54.35],[42.199,54.233],[42.298,54.143],[42.482,54.227],[42.736,54.128],[42.537,54.108],[42.556,54.051],[42.334,54.113],[42.284,54.065],[42.525,53.934],[42.353,53.804],[41.431,53.737],[41.383,53.52],[41.208,53.396],[40.726,53.54],[40.296,53.306],[40.046,53.394]]]]}},{"type":"Feature","properties":{"hasc":"RU.SK","name":"Sakha","name_ru":"Республика Саха"},"geometry":{"type":"MultiPolygon","coordinates":[[[[132.478,58.542],[132.191,58.529],[132.255,58.285],[132.131,58.214],[132.193,58.077],[131.542,58.196],[131.637,58.036],[132.13,57.727],[131.827,57.581],[131.59,57.291],[131.332,57.336],[131.228,57.257],[131.877,56.797],[131.719,56.702],[131.745,56.477],[131.57,56.539],[131.182,56.429],[131.157,56.254],[130.893,55.922],[130.986,55.701],[130.724,55.773],[129.464,55.761],[129.035,55.679],[129.143,55.581],[128.986,55.501],[127.767,55.72],[127.417,55.6],[127.329,55.701],[127.074,55.705],[126.887,55.613],[126.165,55.611],[125.989,55.754],[125.609,55.768],[125.395,55.878],[124.544,55.921],[123.865,56.423],[123.29,56.441],[122.906,56.605],[122.677,56.506],[122.178,56.764],[121.645,56.771],[121.487,56.994],[120.674,57.056],[119.782,56.906],[119.637,56.981],[119.663,57.164],[119.392,57.418],[119.446,57.58],[119.245,57.601],[119.183,57.513],[119.113,57.697],[119.007,57.727],[119.122,58.276],[119.034,58.393],[119.076,58.488],[118.765,58.595],[118.81,58.983],[118.69,59.198],[118.827,59.295],[118.739,59.413],[118.07,59.623],[117.815,59.415],[117.71,59.534],[117.27,59.485],[117.111,59.58],[117.13,59.82],[117.039,59.863],[117.276,60.039],[117.06,60.012],[116.718,60.275],[115.752,60.525],[115.224,60.475],[114.969,60.2],[114.695,60.182],[114.519,60.056],[114.546,59.951],[113.601,59.536],[113.42,59.401],[113.453,59.246],[112.852,59.103],[112.72,58.991],[112.54,59.058],[112.471,58.844],[112.363,58.948],[112.38,59.132],[112.607,59.221],[112.609,59.306],[112.271,59.275],[112.315,59.409],[112.232,59.48],[111.964,59.289],[111.584,59.199],[110.664,59.235],[110.445,59.025],[109.723,58.968],[109.679,59.06],[109.525,59.057],[109.387,59.271],[109.197,59.317],[109.282,59.406],[109.223,59.429],[109.73,60.019],[109.658,60.096],[109.719,60.227],[110.132,60.572],[110.072,60.659],[110.258,60.675],[110.544,61.096],[109.81,61.303],[109.852,61.525],[109.571,61.806],[109.928,62.011],[109.985,62.263],[109.886,62.385],[109.473,62.345],[109.322,62.447],[109.322,62.531],[109.693,62.807],[109.503,62.934],[109.432,63.336],[109.306,63.318],[109.1,63.502],[108.238,63.509],[108.36,63.75],[108.853,63.801],[108.839,63.943],[108.564,64.036],[108.491,64.277],[107.934,64.194],[107.306,64.265],[107.274,64.356],[106.776,64.414],[106.682,64.531],[106.161,64.407],[106.126,64.521],[105.864,64.48],[105.726,64.57],[105.726,64.674],[105.903,64.696],[105.969,64.913],[106.192,64.893],[106.014,64.999],[106.045,65.079],[106.527,65.216],[106.446,65.274],[106.531,65.356],[106.837,65.38],[107.044,65.521],[106.496,65.689],[106.503,66.054],[106.186,66.181],[106.2,66.426],[106.328,66.52],[106.312,66.72],[106.065,66.817],[106.146,66.92],[105.524,67.015],[106.012,67.065],[106.08,67.196],[106.654,67.252],[106.797,67.376],[106.933,68.179],[106.904,68.877],[106.156,69.391],[106.511,69.576],[107.046,69.548],[107.967,69.687],[108.337,69.843],[109.355,69.784],[109.583,70.04],[109.448,70.064],[109.421,70.229],[109.613,70.256],[109.671,70.384],[110.346,70.421],[110.117,70.51],[110.211,70.66],[112.572,71.073],[112.612,71.202],[112.756,71.262],[112.093,71.431],[112.015,72.121],[111.648,72.192],[111.69,72.29],[111.581,72.332],[111.063,72.407],[111.216,72.539],[110.78,72.651],[110.719,72.808],[110.881,72.986],[110.712,72.995],[110.916,73.043],[110.841,73.129],[110.905,73.165],[110.467,73.181],[110.362,73.229],[110.549,73.348],[110.135,73.408],[110.683,73.441],[110.898,73.619],[111.166,73.613],[110.904,73.702],[111.242,73.907],[111.902,73.727],[112.985,73.771],[112.835,73.998],[113.458,73.637],[113.19,73.442],[113.585,73.317],[113.483,73.229],[113.136,73.262],[113.614,73.133],[113.482,73.022],[113.506,72.934],[113.157,72.83],[113.34,72.68],[113.838,72.602],[113.939,72.604],[113.448,72.658],[113.211,72.778],[113.552,72.928],[113.664,73.113],[113.58,73.233],[114.044,73.331],[114.729,73.175],[114.108,73.358],[113.846,73.348],[113.513,73.506],[115.454,73.713],[118.71,73.554],[118.972,73.459],[118.556,73.469],[118.392,73.393],[118.452,73.359],[118.278,73.363],[118.475,73.354],[118.385,73.281],[118.517,73.175],[119.579,73.063],[120.01,72.906],[120.153,72.913],[119.805,73],[121.708,72.969],[123.358,72.733],[122.83,72.863],[123.283,72.83],[122.953,72.869],[123.229,72.882],[122.532,73],[122.715,73.044],[123.185,72.888],[123.431,72.965],[123.382,73.043],[123.54,73.108],[123.467,73.137],[123.756,73.086],[123.455,73.146],[123.739,73.2],[123.567,73.198],[123.481,73.238],[123.568,73.272],[123.358,73.342],[123.458,73.368],[123.261,73.394],[123.454,73.409],[123.307,73.537],[123.516,73.555],[123.43,73.652],[123.606,73.696],[123.735,73.689],[123.64,73.63],[123.773,73.581],[124.014,73.596],[124.262,73.717],[124.163,73.758],[124.356,73.798],[124.908,73.721],[124.844,73.676],[124.948,73.648],[125.027,73.698],[125.013,73.596],[125.156,73.706],[125.126,73.63],[125.265,73.608],[125.196,73.511],[125.456,73.583],[125.5,73.494],[125.683,73.525],[125.668,73.442],[125.546,73.447],[125.573,73.371],[125.708,73.465],[125.897,73.43],[125.801,73.462],[125.935,73.525],[126.035,73.485],[125.981,73.41],[126.244,73.544],[126.447,73.508],[126.414,73.405],[126.201,73.415],[126.533,73.373],[126.29,73.272],[126.37,73.221],[126.023,73.11],[126.383,73.213],[126.317,73.268],[126.473,73.365],[126.679,73.286],[126.546,73.37],[126.781,73.373],[126.696,73.398],[126.758,73.438],[126.881,73.37],[126.817,73.338],[127.052,73.292],[126.865,73.348],[127.029,73.407],[126.955,73.421],[127.015,73.521],[127.447,73.479],[127.331,73.369],[127.479,73.357],[127.136,73.239],[127.202,73.188],[127.098,73.132],[127.179,73.079],[127.357,73.341],[127.518,73.363],[127.407,73.421],[127.453,73.47],[128.056,73.456],[128.116,73.423],[127.765,73.417],[127.521,73.305],[127.86,73.394],[127.798,73.413],[128.204,73.417],[127.821,73.263],[128.456,73.352],[128.342,73.292],[128.5,73.305],[127.965,73.159],[128.338,73.267],[128.762,73.246],[128.935,73.196],[128.659,73.094],[128.943,73.09],[127.24,72.854],[127.119,72.753],[127.293,72.784],[127.161,72.784],[127.258,72.848],[127.381,72.746],[127.5,72.822],[127.351,72.837],[127.704,72.898],[128.404,72.897],[128.03,72.775],[128.106,72.75],[127.623,72.683],[127.683,72.741],[127.406,72.748],[127.244,72.615],[126.586,72.525],[126.592,72.44],[127.796,72.325],[127.895,72.261],[127.78,72.244],[128.514,72.037],[128.74,71.763],[128.967,71.717],[129.266,71.809],[129.139,71.987],[129.604,71.707],[128.981,71.704],[128.836,71.647],[128.913,71.582],[129.247,71.595],[129.463,71.28],[129.766,71.206],[129.831,71.088],[129.715,71.071],[130.167,71.071],[130.248,70.946],[130.635,70.844],[130.827,70.876],[130.854,70.965],[130.932,70.765],[131.079,70.7],[131.466,70.698],[131.365,70.745],[131.739,70.942],[131.86,71.073],[131.78,71.114],[132.047,71.134],[131.851,71.161],[131.959,71.216],[132.385,71.159],[131.982,71.258],[132.286,71.675],[132.754,71.948],[132.912,71.945],[132.798,71.937],[132.761,71.776],[133.286,71.542],[134.077,71.379],[134.847,71.366],[134.758,71.273],[134.834,71.391],[135.043,71.394],[134.838,71.47],[135.827,71.644],[136.754,71.575],[136.146,71.429],[136.938,71.529],[136.83,71.515],[137.545,71.343],[137.646,71.242],[137.779,71.281],[137.723,71.244],[137.9,71.102],[138.169,71.133],[137.809,71.239],[138.552,71.288],[137.846,71.38],[138.062,71.446],[138.146,71.596],[138.983,71.69],[139.17,71.593],[139.16,71.431],[139.233,71.402],[139.477,71.494],[140.113,71.442],[139.782,71.682],[139.833,71.858],[139.346,71.96],[139.506,72.05],[139.436,71.973],[139.67,71.973],[139.971,72.177],[140.343,72.177],[139.635,72.227],[139.333,72.123],[139.138,72.262],[139.592,72.49],[140.96,72.506],[140.896,72.529],[141.162,72.638],[140.763,72.798],[140.709,72.868],[140.895,72.84],[140.767,72.879],[141.96,72.717],[144.463,72.629],[146.862,72.341],[145.394,72.338],[144.954,72.431],[144.504,72.229],[144.18,72.264],[144.438,72.154],[145.204,72.263],[146.96,72.304],[146.583,72.108],[146.407,72.152],[146.572,72.105],[145.981,71.863],[145.998,72.043],[146.335,72.125],[146.048,72.156],[146.095,72.113],[145.998,72.065],[146.072,72.21],[145.879,72.146],[145.851,72.202],[145.945,72.187],[145.8,72.264],[145.638,72.244],[145.816,72.216],[145.626,72.086],[145.843,71.938],[145.342,71.863],[145.046,71.96],[145.233,71.838],[144.911,71.764],[145.058,71.709],[144.896,71.638],[145.325,71.681],[145.396,71.594],[145.577,71.708],[146.114,71.792],[147.135,72.306],[148.381,72.321],[149.508,72.158],[150.093,71.912],[150.083,71.828],[149.713,71.748],[149.519,71.873],[149.612,71.873],[149.577,71.927],[149.175,71.771],[148.903,71.793],[149.087,71.761],[148.857,71.673],[150.195,71.585],[149.492,71.353],[150.185,71.569],[150.302,71.538],[150.101,71.506],[149.986,71.378],[150.194,71.515],[150.718,71.456],[150.563,71.329],[149.761,71.179],[149.964,71.195],[149.815,71.141],[149.963,71.098],[149.917,71.145],[150.017,71.22],[150.404,71.25],[150.85,71.442],[150.798,71.396],[150.916,71.396],[150.74,71.377],[150.546,71.171],[150.637,71.138],[150.573,71.22],[150.844,71.358],[151.529,71.321],[151.958,71.073],[151.507,71.08],[152.072,70.991],[151.628,70.976],[152.529,70.821],[152.529,70.744],[152.59,70.817],[153.696,70.815],[156.025,71.077],[157.86,71.021],[159.302,70.781],[159.818,70.568],[160.102,70.256],[159.925,70.106],[159.632,70.104],[159.952,70.079],[159.688,69.885],[159.787,69.805],[159.628,69.835],[159.816,69.789],[159.738,69.73],[160.366,69.677],[160.378,69.567],[160.677,69.36],[160.511,69.476],[160.587,69.539],[160.376,69.641],[161.108,69.57],[160.948,69.445],[161.097,69.297],[161.028,69.225],[161.089,69.146],[160.967,69.059],[161.447,68.966],[161.233,68.655],[161.076,68.67],[161.235,68.647],[161.109,68.513],[161.372,68.69],[161.292,68.726],[161.365,68.789],[161.62,68.869],[161.494,69.055],[161.541,69.164],[161.438,69.201],[161.509,69.379],[162.383,69.654],[162.195,69.496],[162.7,69.158],[162.464,69.072],[162.439,68.963],[162.773,68.82],[162.551,68.728],[162.677,68.639],[162.401,68.251],[161.408,68.386],[160.736,68.236],[159.347,68.212],[158.406,68.046],[158.17,67.842],[158.361,67.745],[157.882,67.68],[157.831,67.544],[157.97,67.227],[158.825,67.032],[158.817,66.878],[158.997,66.764],[158.456,66.426],[158.575,66.318],[158.459,66.224],[158.617,66.1],[158.558,66.073],[158.147,66.141],[157.725,66.089],[157.441,65.899],[157.252,65.896],[156.949,65.966],[157.015,66.036],[156.687,66.19],[156.423,66.041],[156.09,66.058],[155.906,66.169],[154.92,66.108],[154.618,66.204],[154.284,66.073],[154.441,65.98],[154.251,65.794],[154.088,65.874],[153.551,65.816],[153.587,65.603],[153.434,65.524],[153.521,65.426],[153.418,65.329],[152.716,65.215],[152.622,65.028],[152.494,64.997],[152.624,64.778],[152.797,64.715],[152.319,64.527],[152.356,64.376],[152.11,64.35],[152.041,64.368],[152.099,64.43],[151.909,64.466],[151.41,64.306],[150.664,64.335],[150.619,64.157],[150.51,64.159],[150.022,64.299],[149.998,64.392],[150.103,64.467],[149.945,64.544],[149.315,64.376],[148.65,64.415],[148.369,64.529],[148.049,64.403],[148.301,64.204],[147.942,63.921],[147.635,64.029],[147.705,64.114],[147.645,64.141],[147.336,64.044],[146.415,64.174],[146.137,63.925],[145.654,63.836],[145.673,63.673],[145.231,63.16],[145.321,63.104],[145.255,63.022],[145.449,62.951],[145.381,62.767],[145.486,62.553],[145.189,62.48],[145.25,62.433],[145.154,62.226],[144.777,62.102],[144.595,61.84],[144.114,61.72],[143.987,61.789],[144.06,61.945],[143.769,61.842],[143.64,62.019],[143.429,61.994],[143.335,62.103],[143.206,62.077],[143.092,61.879],[142.717,61.948],[142.482,61.872],[142.264,62.047],[141.964,61.985],[141.77,62.068],[141.352,62.398],[140.823,62.493],[140.431,62.369],[140.335,62.076],[140.394,62.034],[140.005,61.932],[140.055,61.857],[139.883,61.616],[139.653,61.477],[139.197,61.431],[139.082,61.311],[138.773,61.323],[138.715,61.177],[138.353,61.065],[138.242,60.852],[138.548,60.675],[138.227,60.109],[138.328,59.904],[138.224,59.822],[138.325,59.695],[138.246,59.647],[138.132,59.645],[138.113,59.747],[137.68,59.721],[137.496,59.54],[136.823,59.304],[135.664,59.481],[135.162,59.091],[134.011,59.254],[133.145,59.205],[132.861,59.1],[132.85,58.91],[132.625,58.886],[132.478,58.542]]],[[[127.915,72.631],[128.05,72.603],[127.619,72.507],[128.185,72.554],[129.425,72.433],[128.91,72.344],[128.232,72.402],[128.981,72.343],[128.665,72.329],[128.764,72.306],[128.704,72.258],[129,72.338],[129.163,72.267],[129.023,72.345],[129.342,72.39],[129.535,72.311],[128.88,72.231],[128.967,72.198],[128.175,72.25],[127.635,72.427],[127.913,72.36],[128.308,72.42],[127.229,72.442],[127.132,72.466],[127.731,72.493],[127.044,72.526],[127.915,72.631]]],[[[129.142,73.125],[129.364,73.048],[128.777,72.908],[128.207,72.915],[129.056,73.038],[128.869,73.045],[129.142,73.125]]],[[[138.831,71.967],[139.066,71.771],[138.627,71.627],[138.215,71.73],[138.434,71.9],[138.831,71.967]]],[[[142.085,73.904],[143.41,73.552],[143.57,73.437],[143.469,73.357],[143.597,73.211],[142.446,73.221],[140.79,73.423],[139.919,73.34],[139.771,73.405],[140.572,73.498],[141.025,73.728],[140.857,73.707],[141.085,73.848],[142.085,73.904]]],[[[135.488,74.229],[136.314,73.913],[136.063,73.911],[135.589,74.162],[135.467,74.144],[135.488,74.229]]],[[[135.74,75.865],[135.905,75.705],[136.231,75.613],[135.965,75.491],[135.979,75.403],[135.578,75.369],[135.501,75.441],[135.625,75.519],[135.59,75.647],[135.74,75.865]]],[[[137.825,71.596],[138.029,71.519],[137.765,71.408],[137.015,71.494],[137.825,71.596]]],[[[161.418,69.523],[161.443,69.453],[161.332,69.407],[161.431,69.276],[161.353,69.232],[161.489,69.162],[161.434,69.063],[161.537,68.895],[161.433,68.865],[161.508,68.952],[161.001,69.088],[161.141,69.13],[161.193,69.305],[161.094,69.447],[161.418,69.523]]],[[[146.509,75.586],[146.752,75.514],[146.648,75.428],[146.915,75.327],[147.413,75.34],[147.19,75.366],[147.606,75.44],[148.587,75.364],[148.521,75.248],[147.915,75.2],[149.388,75.263],[150.15,75.208],[150.575,75.091],[150.51,75.077],[150.962,75.123],[150.657,74.987],[150.667,74.852],[149.177,74.727],[148.267,74.771],[146.123,75.23],[146.327,75.269],[146.223,75.383],[146.458,75.467],[146.38,75.55],[146.509,75.586]]],[[[140.777,74.269],[141.081,74.22],[141.047,74.013],[140.442,73.917],[140.163,74.084],[140.265,74.233],[140.777,74.269]]],[[[139.064,76.197],[139.051,76.128],[139.221,76.071],[139.945,75.95],[139.828,75.876],[140.037,75.829],[139.975,75.819],[140.487,75.785],[140.403,75.695],[140.458,75.629],[141.183,75.648],[140.988,75.659],[141.131,75.677],[140.919,75.918],[141.185,76.09],[141.706,75.996],[141.398,76.173],[142.585,75.858],[143.838,75.833],[145.393,75.498],[144.671,75.481],[144.91,75.443],[144.734,75.437],[144.85,75.417],[144.726,75.342],[144.941,75.269],[144.381,75.048],[143.421,75.05],[142.955,75.14],[142.532,75.344],[142.58,75.458],[143.097,75.628],[143.075,75.7],[142.39,75.744],[142.269,75.707],[142.481,75.692],[141.986,75.658],[142.193,75.589],[142.078,75.542],[142.251,75.313],[142.5,75.27],[142.455,75.209],[142.75,75.071],[143.702,74.948],[142.717,74.888],[142.475,74.79],[141.971,74.917],[142.404,74.917],[142.231,75.01],[141.881,75.002],[140.227,74.813],[139.727,74.992],[139.467,74.92],[139.618,74.831],[139.522,74.74],[139.152,74.633],[138.183,74.75],[137.927,74.937],[137.348,75.058],[136.951,75.259],[136.926,75.341],[137.008,75.36],[137.483,75.351],[137.167,75.428],[137.335,75.436],[137.196,75.542],[137.333,75.579],[137.14,75.707],[137.766,75.728],[137.423,75.884],[137.476,75.937],[138.1,75.998],[138.327,76.127],[138.521,76.015],[138.507,76.156],[139.064,76.197]]]]}},{"type":"Feature","properties":{"hasc":"RU.SL","name":"Sakhalin","name_ru":"Сахалинская область"},"geometry":{"type":"MultiPolygon","coordinates":[[[[148.798,45.553],[148.893,45.511],[148.843,45.338],[148.307,45.217],[147.904,44.961],[147.652,44.994],[147.596,44.852],[147.208,44.568],[146.861,44.446],[146.946,44.629],[146.994,44.575],[147.01,44.662],[147.188,44.7],[147.108,44.823],[147.234,44.805],[147.507,44.989],[147.506,45.118],[147.656,45.078],[147.871,45.224],[147.902,45.429],[148.054,45.258],[148.23,45.265],[148.798,45.553]]],[[[150.546,46.211],[149.668,45.624],[149.397,45.577],[150.218,46.188],[150.546,46.211]]],[[[146.172,44.517],[146.449,44.391],[146.571,44.451],[145.922,44.136],[145.78,43.932],[145.591,43.869],[145.548,43.654],[145.556,43.728],[145.433,43.719],[145.405,43.84],[145.742,44.051],[146.172,44.517]]],[[[156.047,50.768],[156.157,50.742],[156.17,50.507],[155.889,50.247],[155.51,50.139],[155.392,49.999],[155.222,50.053],[155.213,50.295],[155.649,50.378],[156.047,50.768]]],[[[142.121,46.002],[142.08,45.894],[141.916,46.046],[141.81,46.599],[142.062,47.107],[141.961,47.619],[142.204,47.983],[142.144,48.323],[141.847,48.766],[142.086,49.135],[142.175,50.049],[142.044,50.552],[142.254,51.142],[141.934,51.634],[141.673,51.743],[141.851,51.718],[141.627,51.884],[141.695,52.159],[141.629,52.322],[141.829,52.555],[141.92,53.028],[141.765,53.378],[142.255,53.539],[142.242,53.385],[142.442,53.38],[142.672,53.509],[142.564,53.6],[142.515,53.547],[142.479,53.661],[142.639,53.689],[142.674,53.614],[142.79,53.707],[142.699,53.848],[142.59,53.691],[142.696,53.943],[142.259,54.303],[142.602,54.324],[142.478,54.287],[142.602,54.235],[142.705,54.425],[142.988,54.116],[142.893,53.872],[142.808,53.882],[142.893,53.87],[142.874,53.769],[143.013,53.636],[142.939,53.619],[143.06,53.563],[142.963,53.559],[143.063,53.558],[143.147,53.426],[143.081,53.392],[143.149,53.423],[143.213,53.304],[143.324,52.844],[143.256,53.145],[143.136,53.211],[143.188,53.336],[143.032,53.262],[143.233,52.848],[143.293,52.95],[143.313,52.713],[143.336,52.833],[143.283,52.451],[143.183,52.331],[143.286,52.643],[143.108,52.346],[143.183,52.314],[143.145,52.089],[143.146,52.259],[143.076,52.171],[143.105,51.929],[143.213,51.85],[143.184,51.965],[143.329,51.693],[143.204,51.509],[143.342,51.504],[143.357,51.633],[143.437,51.441],[143.413,51.55],[143.482,51.32],[143.373,51.333],[143.523,51.234],[143.759,50.381],[144.238,49.507],[144.223,49.308],[144.382,49.026],[144.692,48.861],[144.749,48.645],[144.138,49.219],[143.317,49.428],[143.238,49.367],[143.443,49.319],[143.124,49.227],[143.133,49.289],[142.966,49.108],[142.98,48.898],[142.578,48.168],[142.522,47.802],[142.672,47.518],[143.019,47.251],[143.09,46.874],[143.162,46.855],[143.068,46.814],[143.343,46.683],[143.162,46.859],[143.465,46.837],[143.533,46.391],[143.617,46.372],[143.414,46.02],[143.303,46.505],[143.364,46.557],[142.777,46.606],[142.669,46.763],[142.421,46.61],[142.121,46.002]]]]}},{"type":"Feature","properties":{"hasc":"RU.SA","name":"Samara","name_ru":"Самарская область"},"geometry":{"type":"MultiPolygon","coordinates":[[[[51.247,51.978],[50.863,51.795],[50.655,51.985],[49.685,52.266],[49.611,52.408],[49.541,52.353],[49.299,52.498],[48.963,52.48],[48.566,52.686],[48.328,52.633],[48.556,52.94],[48.204,53.033],[48.17,53.27],[47.986,53.39],[48.192,53.513],[48.38,53.475],[48.336,53.666],[48.626,53.679],[48.46,53.746],[48.514,53.781],[48.844,53.708],[49.028,53.858],[49.223,53.843],[49.173,53.889],[49.969,53.86],[49.929,53.951],[50.174,54.073],[50.266,54.252],[50.08,54.534],[50.44,54.462],[50.541,54.335],[50.761,54.452],[50.956,54.349],[51.005,54.537],[51.168,54.667],[51.392,54.683],[51.376,54.593],[51.531,54.661],[51.959,54.502],[52.075,54.342],[52.515,54.452],[52.56,54.387],[52.402,54.333],[52.323,54.184],[52.446,54.013],[52.099,53.512],[52.303,53.395],[52.158,53.358],[52.088,53.013],[51.741,52.864],[51.685,52.68],[51.544,52.653],[51.481,52.542],[51.571,52.445],[51.38,52.287],[51.451,52.131],[51.247,51.978]]]]}},{"type":"Feature","properties":{"hasc":"RU.SR","name":"Saratov","name_ru":"Саратовская область"},"geometry":{"type":"MultiPolygon","coordinates":[[[[48.699,50.295],[48.874,50.015],[48.425,49.807],[48.218,49.873],[48.097,50.091],[47.589,50.453],[47.293,50.388],[46.674,50.692],[46.494,50.54],[46.169,50.511],[46.141,50.651],[45.811,50.77],[45.719,50.726],[45.756,50.576],[45.294,50.554],[45.229,50.685],[45.36,50.892],[45.109,51.12],[44.444,51.199],[44.08,51.087],[44.051,51.183],[43.454,51.023],[42.953,51.253],[42.92,51.418],[42.545,51.629],[43.013,52.349],[43.217,52.45],[43.467,52.356],[43.815,52.445],[44.308,52.294],[44.588,52.51],[45.075,52.337],[45.68,52.519],[46.02,52.406],[46.002,52.524],[46.395,52.695],[47.776,52.58],[47.848,52.754],[48.024,52.722],[48.294,52.834],[48.402,52.796],[48.328,52.633],[48.566,52.686],[48.963,52.48],[49.299,52.498],[49.541,52.353],[49.611,52.408],[49.685,52.266],[50.655,51.985],[50.863,51.795],[50.735,51.751],[50.755,51.578],[50.514,51.601],[50.512,51.475],[50.35,51.433],[50.368,51.34],[49.736,51.115],[49.421,51.13],[49.323,50.998],[49.411,50.858],[48.825,50.6],[48.578,50.664],[48.699,50.295]]]]}},{"type":"Feature","properties":{"hasc":"RU.SM","name":"Smolensk","name_ru":"Смоленская область"},"geometry":{"type":"MultiPolygon","coordinates":[[[[32.763,53.435],[32.449,53.586],[32.465,53.738],[31.766,53.797],[31.884,54.05],[31.33,54.261],[31.242,54.464],[31.085,54.511],[31.21,54.656],[30.76,54.803],[31.025,55.049],[30.83,55.302],[30.939,55.405],[30.916,55.633],[30.988,55.7],[31.457,55.751],[31.908,55.644],[32.096,55.723],[32.196,55.611],[32.552,55.609],[32.59,55.676],[32.651,55.586],[33.231,55.6],[33.727,55.804],[33.753,55.937],[33.898,55.874],[33.941,55.951],[33.864,55.981],[33.981,56.04],[34.741,55.883],[35.104,55.946],[35.346,55.759],[35.413,55.559],[35.319,55.539],[35.286,55.287],[35.381,55.161],[35.188,54.962],[34.889,54.861],[34.979,54.772],[34.676,54.659],[34.461,54.691],[34.559,54.612],[34.492,54.496],[34.018,54.558],[33.702,54.5],[33.659,54.35],[33.749,54.31],[33.585,54.073],[33.484,54.064],[33.544,54.008],[33.358,53.969],[33.284,53.871],[33.357,53.816],[32.947,53.572],[32.915,53.423],[32.763,53.435]]]]}},{"type":"Feature","properties":{"hasc":"RU.ST","name":"Stavropol'","name_ru":"Ставропольский край"},"geometry":{"type":"MultiPolygon","coordinates":[[[[43.608,43.782],[43.476,43.742],[43.374,43.88],[42.88,43.75],[42.733,43.97],[42.623,43.91],[42.457,43.979],[42.808,44.248],[42.724,44.331],[42.567,44.218],[41.585,44.585],[41.51,44.678],[41.748,44.821],[41.737,44.92],[41.542,44.995],[41.42,45.204],[41.077,45.233],[40.848,45.662],[41.283,45.766],[41.183,45.985],[42.146,45.935],[42.198,46.134],[42.348,46.118],[42.328,45.972],[42.482,45.982],[42.945,46.226],[43.494,45.979],[44.047,45.877],[44.376,45.528],[45.459,45.187],[45.71,44.99],[45.59,44.883],[45.598,44.701],[45.309,44.525],[45.297,44.431],[45.472,44.404],[45.483,44.303],[45.199,44.168],[45.565,44.132],[45.494,43.823],[45.158,43.884],[45.12,43.684],[44.988,43.626],[44.849,43.744],[44.444,43.714],[44.521,43.949],[44.395,43.836],[44.073,43.924],[43.884,43.74],[43.608,43.782]]]]}},{"type":"Feature","properties":{"hasc":"RU.SV","name":"Sverdlovsk","name_ru":"Свердловская область"},"geometry":{"type":"MultiPolygon","coordinates":[[[[58.718,56.128],[57.56,56.136],[57.389,56.4],[57.442,56.676],[57.254,56.868],[57.317,56.95],[57.594,56.909],[57.953,57.097],[58.093,57.072],[57.998,57.207],[58.044,57.304],[57.897,57.402],[58.068,57.706],[58.472,57.735],[58.54,57.619],[58.876,57.788],[58.885,57.883],[58.688,57.938],[58.599,58.094],[59.476,58.546],[59.456,58.736],[59.108,58.837],[59.212,58.983],[59.158,59.171],[58.489,59.492],[58.631,59.737],[59.07,59.985],[59.501,60.766],[59.307,61.346],[59.497,61.578],[59.369,61.856],[59.522,61.974],[59.951,61.886],[60.069,61.714],[61.178,61.685],[62.719,61.203],[62.896,61.073],[62.834,60.887],[62.94,60.707],[63.291,60.397],[63.26,60.241],[63.773,60.086],[63.878,59.54],[64.089,59.423],[65.104,59.344],[65.249,59.257],[65.54,58.808],[65.979,58.62],[66.038,58.271],[66.203,58.063],[65.541,57.793],[65.412,57.842],[64.892,57.687],[65.011,57.611],[64.876,57.487],[65.093,56.971],[65.278,56.932],[65.174,56.809],[64.585,56.866],[64.377,56.794],[64.198,56.613],[64.221,56.525],[63.787,56.525],[63.496,56.65],[63.336,56.577],[62.946,56.648],[62.65,56.517],[62.511,56.602],[62.042,56.301],[62.031,56.179],[61.439,56.4],[61.156,56.404],[61.071,56.349],[61.14,56.254],[60.778,56.234],[59.722,56.252],[59.27,56.387],[58.98,56.106],[58.718,56.128]]]]}},{"type":"Feature","properties":{"hasc":"RU.TB","name":"Tambov","name_ru":"Тамбовская область"},"geometry":{"type":"MultiPolygon","coordinates":[[[[42.697,51.801],[42.564,51.686],[42.58,51.574],[42.404,51.571],[42.325,51.669],[42.199,51.606],[41.413,51.77],[41.073,51.692],[40.999,51.867],[40.607,51.936],[40.804,52.22],[40.117,52.538],[40.007,52.714],[40.182,52.801],[40.115,52.891],[40.212,52.965],[40.127,53.192],[40.18,53.302],[40.517,53.391],[40.55,53.484],[40.628,53.426],[40.726,53.54],[41.208,53.396],[41.383,53.52],[41.431,53.737],[41.604,53.791],[42.15,53.762],[42.121,53.507],[42.309,53.435],[42.286,53.34],[42.442,53.312],[42.591,53.112],[43.297,52.634],[43.119,52.498],[42.697,51.801]]]]}},{"type":"Feature","properties":{"hasc":"RU.TT","name":"Tatarstan","name_ru":"Республика Татарстан"},"geometry":{"type":"MultiPolygon","coordinates":[[[[53.391,54.209],[53.382,54.046],[53.238,54.136],[53.047,54.085],[52.958,54.189],[53.14,54.258],[53.088,54.335],[52.608,54.352],[52.473,54.46],[52.075,54.342],[51.959,54.502],[51.531,54.661],[51.376,54.593],[51.392,54.683],[51.168,54.667],[51.005,54.537],[50.956,54.349],[50.761,54.452],[50.541,54.335],[50.393,54.476],[49.58,54.596],[49.272,54.903],[48.715,54.626],[48.111,54.779],[47.911,54.628],[47.776,54.761],[47.602,54.553],[47.402,54.526],[47.28,54.723],[47.454,54.765],[47.379,54.83],[47.434,54.897],[47.733,54.824],[47.855,54.876],[47.805,54.98],[48.119,55.011],[47.931,55.055],[48.083,55.153],[47.974,55.312],[47.772,55.222],[47.745,55.347],[48.171,55.574],[48.055,55.659],[48.439,55.778],[48.418,55.9],[48.651,56.074],[49.073,56.227],[48.904,56.301],[49.04,56.401],[49.375,56.389],[49.761,56.557],[49.836,56.455],[50.021,56.467],[50.213,56.584],[50.073,56.669],[50.379,56.705],[50.655,56.398],[50.928,56.42],[50.925,56.266],[51.113,56.14],[51.69,56.165],[51.438,56.011],[51.477,55.952],[51.974,55.972],[52.157,55.896],[52.259,55.924],[52.295,56.103],[52.772,56.052],[52.705,56.148],[52.876,56.175],[52.571,56.293],[52.881,56.398],[53.065,56.571],[53.03,56.241],[53.323,56.138],[53.34,56.305],[53.569,56.257],[53.562,56.146],[53.279,55.972],[53.319,55.892],[53.798,55.98],[54.205,55.732],[53.904,55.392],[53.144,55.108],[53.684,54.895],[53.455,54.531],[53.391,54.209]]]]}},{"type":"Feature","properties":{"hasc":"RU.TO","name":"Tomsk","name_ru":"Томская область"},"geometry":{"type":"MultiPolygon","coordinates":[[[[83.851,55.887],[83.604,55.672],[83.235,55.701],[83.354,55.842],[83.272,56.077],[83.077,56.24],[83.231,56.396],[83.11,56.524],[82.837,56.484],[82.78,56.391],[81.617,56.248],[81.145,56.524],[80.265,56.419],[79.734,56.835],[78.362,57.154],[76.185,57.207],[75.956,57.387],[75.846,57.37],[75.662,57.633],[75.546,57.638],[75.518,57.942],[75.093,58.087],[75.234,58.207],[75.036,58.307],[75.34,58.439],[75.161,58.572],[75.179,58.699],[75.677,58.946],[75.616,59.183],[76.172,59.521],[76.67,59.564],[76.859,60.452],[77.054,60.513],[77.002,60.635],[77.155,60.838],[78.028,60.748],[79.1,60.807],[79.247,60.79],[79.372,60.642],[80.82,60.785],[81.047,60.733],[81.082,60.624],[81.864,60.625],[82.153,60.507],[82.669,60.816],[83.196,61.002],[83.518,61.013],[83.946,60.835],[84.253,60.844],[84.732,60.447],[84.826,60.335],[84.655,60.201],[84.577,59.982],[84.644,59.873],[86.329,59.946],[86.964,59.884],[87.125,59.814],[87.145,59.671],[87.482,59.665],[87.866,59.243],[88.549,59.287],[88.802,59.052],[87.903,58.502],[88.075,58.109],[89.366,57.867],[89.362,57.611],[89.049,57.556],[89.091,57.474],[88.881,57.419],[88.535,57.105],[88.728,57.019],[88.544,56.784],[87.626,56.529],[87.578,56.645],[86.812,56.531],[86.813,56.613],[86.428,56.55],[86.233,56.633],[86.158,56.509],[85.542,56.282],[85.63,56.217],[84.742,56.123],[84.36,55.971],[84.093,56.015],[83.851,55.887]]]]}},{"type":"Feature","properties":{"hasc":"RU.TL","name":"Tula","name_ru":"Тульская область"},"geometry":{"type":"MultiPolygon","coordinates":[[[[37.507,53.271],[36.75,53.305],[36.685,53.41],[36.501,53.391],[36.04,53.573],[36.073,53.688],[35.926,53.836],[36.244,54.08],[36.048,54.094],[36.156,54.123],[36.043,54.162],[36.98,54.281],[36.973,54.421],[36.844,54.489],[36.896,54.57],[37.111,54.534],[37.238,54.828],[37.718,54.693],[37.797,54.812],[37.965,54.831],[38.265,54.616],[38.489,54.628],[38.48,54.528],[38.387,54.518],[38.496,54.277],[38.814,54.143],[38.696,54.041],[38.932,53.933],[38.812,53.821],[38.889,53.748],[39.007,53.75],[38.908,53.523],[38.727,53.493],[38.823,53.37],[38.537,53.32],[38.712,53.111],[38.325,52.953],[38.278,53.054],[37.858,53.018],[37.581,53.142],[37.58,53.278],[37.507,53.271]]]]}},{"type":"Feature","properties":{"hasc":"RU.TU","name":"Tuva","name_ru":"Республика Тыва"},"geometry":{"type":"MultiPolygon","coordinates":[[[[89.972,49.996],[89.605,49.947],[89.584,50.095],[89.332,50.199],[89.527,50.358],[89.486,50.459],[89.71,50.35],[89.866,50.459],[89.037,51.058],[88.936,51.286],[88.994,51.392],[88.788,51.541],[89.2,51.629],[89.233,51.523],[89.726,51.56],[90.061,51.743],[89.958,51.892],[90.084,52.143],[90.452,52.163],[90.794,51.879],[91.748,51.857],[91.95,51.76],[92.826,51.852],[93.595,52.206],[94.135,52.884],[94.467,52.937],[94.648,53.253],[94.566,53.335],[94.667,53.387],[95.128,53.462],[95.318,53.399],[95.657,53.511],[95.996,53.471],[96.174,53.589],[96.477,53.555],[96.626,53.595],[96.671,53.747],[97.208,53.612],[97.513,53.382],[97.923,53.36],[97.994,53.236],[98.192,53.217],[98.208,53.105],[98.864,53.149],[98.951,53.112],[98.877,53.059],[99.209,52.937],[98.895,52.899],[98.933,52.686],[98.648,52.435],[98.648,52.279],[98.818,52.293],[98.989,52.123],[98.88,52.14],[98.696,51.82],[98.315,51.718],[98.234,51.462],[97.945,51.323],[97.828,51.012],[98.02,50.867],[97.955,50.782],[98.049,50.653],[98.323,50.547],[98.254,50.256],[98.043,50.045],[97.584,49.948],[97.608,49.887],[97.43,49.788],[97.194,49.775],[97.003,49.915],[96.681,49.904],[96.634,49.982],[96.427,49.898],[95.835,50.041],[95.497,49.921],[95.094,49.956],[94.964,50.062],[94.619,50.034],[94.407,50.214],[94.276,50.575],[93.104,50.567],[92.983,50.631],[93.009,50.784],[92.616,50.705],[92.372,50.895],[92.276,50.716],[91.757,50.72],[91.646,50.576],[91.441,50.547],[91.429,50.458],[90.738,50.488],[90.668,50.337],[90.775,50.267],[90.675,50.168],[89.972,49.996]]]]}},{"type":"Feature","properties":{"hasc":"RU.TV","name":"Tver'","name_ru":"Тверская область"},"geometry":{"type":"MultiPolygon","coordinates":[[[[32.607,55.618],[32.663,55.655],[32.196,55.611],[32.096,55.723],[31.908,55.644],[31.457,55.751],[31.396,55.979],[31.539,56.06],[31.479,56.234],[31.561,56.291],[31.042,56.465],[31.071,56.615],[30.818,56.751],[31.013,56.942],[31.656,56.89],[31.814,57.059],[32.059,57.04],[32.856,57.42],[33.323,57.38],[33.356,57.665],[33.637,57.706],[33.592,57.757],[33.758,57.941],[33.6,58.011],[33.764,58.128],[34.11,58.206],[34.742,58.056],[34.851,58.229],[35.238,58.209],[35.37,58.371],[35.612,58.434],[35.981,58.398],[36.554,58.516],[36.957,58.839],[37.188,58.799],[37.658,58.452],[37.362,58.227],[37.729,58.061],[37.385,57.95],[37.569,57.891],[37.426,57.89],[37.488,57.856],[37.41,57.799],[37.871,57.579],[38.001,57.363],[38.335,57.361],[38.375,57.28],[38.226,57.23],[38.327,57.017],[38.151,56.963],[38.323,56.759],[38.094,56.744],[37.742,56.939],[37.581,56.893],[37.513,56.764],[37.096,56.734],[37.125,56.522],[36.827,56.575],[36.103,56.314],[35.68,56.461],[35.433,56.426],[35.509,56.228],[35.32,56.194],[35.346,56.059],[35.157,55.93],[34.741,55.883],[33.981,56.04],[33.864,55.981],[33.941,55.951],[33.898,55.874],[33.753,55.937],[33.727,55.804],[33.231,55.6],[32.607,55.618]]]]}},{"type":"Feature","properties":{"hasc":"RU.TY","name":"Tyumen'","name_ru":"Тюменская область"},"geometry":{"type":"MultiPolygon","coordinates":[[[[65.65,56.301],[65.145,56.35],[64.996,56.574],[64.968,56.797],[65.209,56.82],[65.278,56.932],[65.093,56.971],[64.876,57.487],[65.011,57.611],[64.892,57.687],[65.412,57.842],[65.541,57.793],[66.203,58.063],[66.038,58.271],[65.997,58.593],[66.83,58.659],[66.822,58.885],[67.033,58.975],[67.166,58.915],[67.767,59.156],[68.424,59.247],[68.612,59.544],[68.874,59.543],[69.403,59.762],[69.289,59.929],[69.558,59.956],[69.702,59.854],[70.14,59.933],[70.589,59.805],[71.191,59.842],[72.081,59.521],[72.654,59.099],[72.962,59.131],[72.899,59.031],[73.1,58.935],[72.965,58.855],[73.341,58.787],[73.683,58.842],[74.128,58.702],[75.043,58.693],[75.206,58.607],[74.915,58.394],[74.15,58.114],[73.147,58.134],[72.825,57.959],[72.171,57.991],[71.998,58.085],[71.303,58.024],[71.291,58.366],[70.873,58.521],[70.548,58.042],[70.5,57.797],[70.732,57.517],[70.421,57.344],[70.659,57.204],[70.789,57.208],[70.862,57.329],[71.049,57.323],[71.619,56.784],[71.374,56.618],[71.068,56.653],[71.137,56.506],[70.822,56.403],[71.016,56.281],[70.788,56.213],[70.922,56.031],[70.818,55.885],[70.543,55.841],[70.843,55.806],[70.574,55.696],[70.772,55.563],[70.484,55.371],[70.522,55.276],[70.218,55.133],[69.668,55.343],[69.199,55.335],[68.987,55.431],[68.917,55.375],[69.006,55.294],[68.766,55.359],[68.657,55.26],[68.651,55.374],[68.21,55.62],[68.158,55.734],[67.394,55.758],[67.253,55.973],[66.757,55.999],[66.679,56.074],[66.478,55.982],[66.257,56.113],[66,56.048],[65.65,56.301]]]]}},{"type":"Feature","properties":{"hasc":"RU.UD","name":"Udmurt","name_ru":"Удмуртская Республика"},"geometry":{"type":"MultiPolygon","coordinates":[[[[53.968,56.07],[53.319,55.892],[53.279,55.972],[53.562,56.146],[53.569,56.257],[53.34,56.305],[53.323,56.138],[53.03,56.241],[53.065,56.571],[52.881,56.398],[52.571,56.293],[52.876,56.175],[52.705,56.148],[52.738,56.032],[52.295,56.103],[52.259,55.924],[52.157,55.896],[51.43,55.983],[51.69,56.165],[51.427,56.146],[51.499,56.203],[51.399,56.245],[51.497,56.309],[51.153,56.511],[51.159,56.624],[51.363,56.673],[51.532,56.864],[51.113,57.295],[51.216,57.43],[51.612,57.469],[51.869,57.659],[51.949,57.998],[51.67,58.174],[51.796,58.347],[52.101,58.473],[52.842,58.403],[53.114,58.544],[53.232,58.424],[53.775,58.49],[53.888,58.336],[53.817,58.25],[54.193,57.83],[54.063,57.598],[54.28,57.459],[54.17,57.347],[54.305,57.325],[54.307,57.155],[54.435,57.085],[54.066,56.838],[53.845,56.797],[53.906,56.629],[54.119,56.685],[54.419,56.343],[53.968,56.07]]]]}},{"type":"Feature","properties":{"hasc":"RU.UL","name":"Ul'yanovsk","name_ru":"Ульяновская область"},"geometry":{"type":"MultiPolygon","coordinates":[[[[46.985,52.814],[46.92,53.368],[46.491,53.496],[46.499,53.625],[46.16,53.95],[45.849,53.978],[46.007,54.137],[46.692,54.319],[46.696,54.399],[46.565,54.421],[46.646,54.495],[46.494,54.491],[46.576,54.541],[46.454,54.577],[46.554,54.624],[46.481,54.764],[46.872,54.633],[47.28,54.723],[47.402,54.526],[47.602,54.553],[47.776,54.761],[47.911,54.628],[48.111,54.779],[48.511,54.625],[48.819,54.646],[49.131,54.794],[49.008,54.828],[49.272,54.903],[49.58,54.596],[50.08,54.534],[50.223,54.4],[50.194,54.093],[49.929,53.951],[49.969,53.86],[49.173,53.889],[49.223,53.843],[49.028,53.858],[48.844,53.708],[48.514,53.781],[48.46,53.746],[48.626,53.679],[48.336,53.666],[48.38,53.475],[48.054,53.474],[47.986,53.39],[48.17,53.27],[48.179,53.059],[48.556,52.94],[48.436,52.811],[47.848,52.754],[47.776,52.58],[47.597,52.631],[47.427,52.56],[46.803,52.642],[46.985,52.814]]]]}},{"type":"Feature","properties":{"hasc":"RU.VL","name":"Vladimir","name_ru":"Владимирская область"},"geometry":{"type":"MultiPolygon","coordinates":[[[[42.029,55.335],[41.875,55.132],[41.679,55.103],[41.207,55.211],[41.082,55.122],[40.902,55.248],[40.605,55.178],[40.505,55.31],[40.358,55.257],[40.375,55.326],[40.168,55.401],[40.192,55.507],[40.08,55.508],[40.115,55.642],[39.924,55.816],[39.519,55.73],[39.08,55.933],[38.631,55.971],[38.565,56.198],[38.44,56.252],[38.488,56.378],[38.321,56.516],[38.409,56.561],[38.351,56.678],[38.622,56.547],[38.783,56.607],[39.278,56.53],[39.395,56.737],[39.707,56.807],[39.885,56.765],[39.822,56.611],[39.97,56.49],[40.224,56.409],[40.314,56.51],[40.723,56.595],[41.099,56.443],[41.9,56.497],[41.934,56.369],[42.06,56.34],[42.282,56.456],[42.621,56.405],[42.744,56.243],[42.934,56.201],[42.089,55.608],[42.137,55.409],[42.029,55.335]]]]}},{"type":"Feature","properties":{"hasc":"RU.VG","name":"Volgograd","name_ru":"Волгоградская область"},"geometry":{"type":"MultiPolygon","coordinates":[[[[43.727,47.528],[43.315,47.401],[43.235,47.53],[43.012,47.484],[42.733,47.864],[42.47,48],[42.02,48.045],[42.033,48.249],[42.143,48.283],[42.085,48.419],[42.663,48.589],[42.805,48.856],[42.666,49.003],[42.43,49.036],[42.376,49.161],[42.098,49.16],[42.084,49.402],[42.227,49.695],[41.914,49.903],[41.669,49.938],[41.699,50.028],[41.442,50.187],[41.564,50.324],[41.541,50.517],[41.63,50.546],[41.312,50.784],[41.82,50.977],[42.028,51.161],[42.396,51.129],[42.953,51.253],[43.507,51.017],[44.051,51.183],[44.08,51.087],[44.335,51.189],[44.895,51.184],[45.36,50.892],[45.229,50.685],[45.294,50.554],[45.756,50.576],[45.719,50.726],[45.893,50.765],[46.141,50.651],[46.169,50.511],[46.494,50.54],[46.674,50.692],[47.08,50.461],[47.434,50.397],[47.302,50.311],[47.261,50.199],[47.339,50.105],[47.266,50.008],[46.893,49.839],[46.783,49.333],[47.053,49.165],[46.607,48.656],[46.382,48.804],[46.066,48.854],[45.588,48.569],[45.265,48.548],[45.4,48.466],[45.187,48.478],[45.023,48.304],[45.331,48.131],[44.969,48.166],[44.918,48.06],[44.642,48.048],[44.636,48.176],[44.449,48.21],[44.349,48.072],[44.548,48.005],[44.459,47.903],[44.105,47.912],[44.058,47.805],[43.753,47.683],[43.727,47.528]]]]}},{"type":"Feature","properties":{"hasc":"RU.VO","name":"Vologda","name_ru":"Вологодская область"},"geometry":{"type":"MultiPolygon","coordinates":[[[[37.663,58.51],[37.092,58.843],[36.842,58.798],[36.915,58.73],[36.725,58.706],[36.554,58.516],[36.34,58.531],[36.171,58.701],[35.762,58.829],[35.444,58.868],[35.311,58.77],[35.291,58.844],[35.2,58.815],[35.238,58.958],[34.792,59.094],[34.955,59.271],[35.382,59.303],[35.553,59.671],[35.67,59.628],[35.652,59.715],[35.434,59.768],[35.512,59.987],[35.174,60.05],[35.234,60.118],[35.144,60.155],[35.163,60.269],[35.342,60.569],[35.203,60.797],[35.557,60.888],[35.52,61.005],[35.657,61.06],[35.673,61.201],[36.464,61.414],[36.688,61.584],[37.074,61.631],[37.394,61.524],[37.788,61.55],[37.768,61.433],[37.974,61.196],[38.203,61.089],[38.147,60.976],[38.381,60.996],[38.394,60.865],[38.679,60.742],[39.168,60.686],[39.623,60.774],[39.99,60.689],[40.438,60.797],[41.185,60.676],[41.433,60.782],[41.387,60.85],[41.598,60.924],[41.766,60.846],[41.824,60.928],[42.394,60.769],[42.714,60.882],[43.006,60.736],[43.134,60.827],[43.473,60.802],[43.744,60.997],[44.01,61.05],[44.232,60.957],[45.204,60.909],[45.283,61.202],[45.805,61.168],[45.737,61.037],[46.007,60.963],[46.458,61.036],[46.795,60.958],[46.741,60.897],[46.814,60.865],[47.071,60.86],[47.002,60.76],[47.069,60.593],[46.888,60.499],[46.801,60.275],[46.33,60.238],[46.418,60.118],[46.728,60.041],[47.043,60.154],[46.886,59.795],[47.107,59.75],[47.123,59.609],[46.428,59.592],[46.393,59.37],[46.058,59.329],[45.936,59.185],[44.316,59.136],[43.799,59.28],[43.551,59.183],[43.515,59.304],[42.838,59.146],[42.619,59.326],[42.321,59.265],[42.216,59.405],[42.075,59.425],[41.972,59.283],[42.111,59.235],[42.095,59.11],[41.29,58.983],[41.212,58.916],[41.283,58.837],[41.179,58.786],[41.287,58.72],[41.062,58.541],[40.322,58.528],[39.841,58.83],[39.018,58.96],[38.918,58.73],[37.969,58.724],[38.038,58.651],[37.95,58.582],[37.746,58.643],[37.663,58.51]]]]}},{"type":"Feature","properties":{"hasc":"RU.VR","name":"Voronezh","name_ru":"Воронежская область"},"geometry":{"type":"MultiPolygon","coordinates":[[[[39.339,49.966],[39.138,50.427],[39.17,50.55],[39.282,50.579],[38.821,50.824],[38.986,50.912],[38.935,51.032],[38.492,51.059],[38.574,51.211],[38.37,51.279],[38.367,51.478],[38.212,51.653],[38.646,51.719],[38.34,51.959],[38.73,52.101],[39.104,51.974],[39.193,52.082],[39.442,52.082],[39.765,51.909],[40.968,51.881],[41.073,51.692],[41.413,51.77],[42.199,51.606],[42.325,51.669],[42.938,51.391],[42.953,51.253],[42.396,51.129],[41.979,51.153],[41.82,50.977],[41.312,50.784],[41.63,50.546],[41.541,50.517],[41.573,50.358],[41.42,50.088],[41.129,49.903],[40.981,49.681],[40.589,49.581],[39.795,49.57],[39.613,49.742],[39.257,49.776],[39.339,49.966]]]]}},{"type":"Feature","properties":{"hasc":"RU.YN","name":"Yamal-Nenets","name_ru":"Ямало-Ненецкий А О"},"geometry":{"type":"MultiPolygon","coordinates":[[[[83.868,62.534],[83.394,62.455],[82.798,62.646],[82.792,62.757],[82.128,62.822],[81.852,62.685],[81.35,62.836],[80.953,63.138],[79.963,62.814],[79.838,62.589],[78.049,62.522],[76.741,63.038],[76.336,62.971],[75.799,63.121],[74.531,63.033],[74.172,63.178],[73.531,63.179],[73.152,63.411],[72.99,63.417],[72.748,63.291],[71.679,63.197],[71.557,63.569],[71.435,63.665],[70.936,63.694],[70.652,64.005],[70.813,64.088],[70.754,64.182],[70.336,64.332],[69.878,64.302],[69.254,64.429],[68.952,64.402],[69.047,64.318],[68.948,64.17],[68.513,64.272],[67.807,64.028],[67.281,64.057],[66.879,64.203],[66.957,64.413],[66.825,64.507],[65.559,64.495],[63.684,64.254],[63.435,64.442],[62.592,64.557],[62.874,64.773],[62.742,64.906],[62.875,65.291],[62.458,65.402],[62.301,65.603],[62.063,65.702],[62.775,65.856],[62.897,65.965],[62.835,66.022],[63.064,66.186],[63.324,66.229],[63.24,66.323],[63.394,66.455],[65.119,66.901],[65.054,67.07],[66.137,67.452],[66.064,67.561],[65.825,67.595],[66.267,67.671],[66.026,67.807],[66.128,67.897],[66.07,67.947],[65.575,67.907],[65.366,68.008],[65.333,68.285],[65.711,68.53],[65.572,68.65],[65.617,68.704],[64.646,68.903],[64.6,69.008],[64.795,69.075],[64.757,69.133],[64.921,69.25],[67.344,68.806],[67.41,68.767],[67.063,68.761],[67.839,68.475],[67.707,68.489],[67.778,68.457],[68.187,68.383],[68.268,68.315],[68.171,68.23],[68.298,68.173],[68.633,68.309],[68.588,68.364],[69.152,68.832],[68.973,68.883],[69.181,68.931],[68.465,68.976],[68.055,69.286],[68.108,69.533],[67.963,69.473],[67.023,69.692],[66.867,69.61],[66.981,69.52],[66.903,69.473],[66.8,69.717],[66.905,69.983],[67.4,70.046],[67.125,70.215],[67.238,70.379],[67.418,70.359],[67.232,70.518],[67.419,70.704],[67.213,70.833],[66.698,70.752],[66.739,70.818],[66.631,70.858],[66.954,71.071],[66.752,71.102],[66.936,71.27],[68.297,71.605],[68.2,71.625],[68.602,71.913],[68.69,72.108],[68.808,72.111],[68.703,72.12],[68.798,72.295],[68.889,72.286],[68.803,72.318],[68.98,72.639],[69.079,72.628],[69.007,72.679],[69.465,72.881],[71.631,72.888],[72.8,72.704],[72.71,72.692],[72.858,72.61],[72.84,72.677],[72.96,72.662],[72.904,72.621],[72.979,72.552],[72.715,72.591],[72.829,72.477],[72.781,72.269],[72.843,72.261],[72.472,71.888],[72.284,71.835],[72.327,71.705],[71.815,71.48],[72.021,71.29],[72.583,71.131],[72.677,71.052],[72.573,70.986],[72.806,70.845],[72.673,70.614],[72.737,70.392],[72.384,70.264],[72.568,70.166],[72.455,70.059],[72.675,69.82],[72.494,69.642],[72.643,69.489],[72.555,69.473],[72.646,69.469],[72.467,69.41],[72.622,69.283],[72.459,69.166],[72.523,68.996],[72.785,68.807],[72.721,68.813],[73.443,68.593],[73.608,68.453],[73.065,68.2],[73.034,68.063],[73.197,67.927],[73.057,67.793],[73.106,67.723],[72.528,67.585],[72.397,67.315],[72.038,67.293],[72.222,67.153],[71.911,67.114],[72.037,67.04],[71.756,66.909],[71.385,66.967],[71.321,66.94],[71.475,66.894],[70.54,66.746],[70.664,66.732],[70.5,66.671],[70.16,66.7],[70.268,66.729],[69.904,66.858],[69.652,66.754],[69.071,66.819],[68.113,66.712],[68.464,66.639],[68.313,66.558],[68.79,66.756],[69.133,66.773],[69.13,66.613],[69.448,66.485],[70.379,66.329],[71.513,66.331],[72.1,66.196],[72.42,66.351],[72.395,66.489],[72.298,66.493],[72.465,66.595],[72.942,66.635],[73.862,66.992],[73.923,67.297],[74.739,67.684],[74.806,68.016],[74.313,68.365],[74.477,68.515],[74.476,68.702],[76.177,68.975],[76.602,68.962],[76.698,68.855],[76.651,68.744],[77.335,68.479],[77.226,68.458],[77.295,68.365],[77.123,68.268],[77.337,68.229],[77.181,67.988],[77.302,67.884],[77.071,67.778],[77.743,67.552],[77.613,67.357],[77.869,67.563],[79.091,67.536],[78.823,67.638],[78.427,67.61],[78.639,67.637],[78.423,67.708],[78.388,67.623],[77.769,67.65],[77.967,67.702],[77.453,67.763],[77.457,67.885],[77.604,67.923],[77.481,67.971],[77.538,68.127],[78.177,68.255],[77.865,68.457],[77.95,68.504],[77.778,68.517],[77.623,68.9],[76.031,69.24],[75.5,69.248],[74.819,69.073],[73.871,69.076],[73.767,69.183],[73.895,69.422],[73.525,69.746],[73.754,69.957],[73.787,70.081],[73.676,70.118],[74.231,70.428],[74.306,70.597],[73.919,70.838],[73.914,70.956],[73.547,71.225],[73.003,71.392],[73.479,71.632],[73.482,71.789],[74.331,71.94],[75.022,72.182],[75.064,72.477],[74.761,72.801],[74.967,72.873],[75.462,72.741],[75.298,72.688],[75.639,72.543],[75.498,72.516],[75.562,72.395],[75.503,72.373],[75.71,72.27],[75.546,72.214],[75.381,71.946],[75.236,71.935],[75.215,71.771],[75.477,71.652],[75.359,71.576],[75.508,71.525],[75.223,71.427],[75.294,71.332],[76.15,71.168],[76.069,71.15],[76.166,71.171],[76.09,71.213],[76.913,71.179],[76.721,71.078],[76.906,71.122],[76.917,70.946],[76.951,71.168],[77.448,71.165],[77.802,71.125],[78.056,70.942],[78.973,70.883],[78.898,70.912],[79.106,70.985],[78.426,70.901],[78.55,71.041],[78.286,71.067],[78.273,71.248],[77.921,71.236],[78.033,71.365],[77.677,71.265],[76.315,71.561],[76.251,71.61],[76.325,71.652],[75.992,71.882],[76.892,72.054],[77.546,71.827],[77.994,71.84],[78.247,71.958],[77.998,72.1],[77.398,72.102],[77.543,72.184],[77.48,72.21],[77.675,72.179],[78.096,72.352],[78.446,72.375],[78.351,72.323],[78.616,72.29],[78.436,72.328],[78.531,72.372],[78.704,72.209],[79.005,72.113],[80.435,71.922],[80.498,71.871],[80.254,71.825],[80.037,71.63],[79.448,71.598],[79.467,71.501],[79.33,71.418],[79.401,71.314],[79.952,71.133],[80.641,71.044],[80.854,70.794],[80.767,70.693],[80.941,70.628],[80.775,70.475],[80.898,70.371],[80.281,70.399],[79.629,70.099],[79.419,70.12],[78.999,69.869],[79.152,69.736],[79.117,69.651],[79.513,69.621],[79.702,69.4],[80.007,69.304],[81.155,69.188],[81.627,69.235],[81.794,69.417],[82.079,69.343],[81.947,69.177],[82.521,69.102],[82.433,69.03],[82.945,68.606],[82.721,68.551],[82.761,68.261],[82.423,68.067],[82.409,67.925],[81.784,67.883],[82.415,67.499],[82.363,67.288],[82.175,67.201],[83.24,66.784],[83.352,66.652],[83.117,66.455],[83.605,66.143],[83.372,66.014],[83.573,65.787],[84.311,65.658],[84.358,65.611],[84.179,65.567],[84.548,65.486],[84.653,65.269],[84.339,65.105],[84.45,64.994],[84.382,64.933],[85.076,64.923],[85.018,64.849],[85.255,64.78],[85.563,64.837],[85.855,64.756],[85.921,64.572],[85.819,64.492],[85.966,64.266],[85.961,64.052],[85.357,63.838],[85.315,63.668],[85.122,63.579],[85.611,63.361],[85.534,63.17],[85.616,63.076],[85.509,62.923],[85.043,62.668],[84.918,62.447],[84.515,62.178],[83.868,62.534]]],[[[74.497,73.106],[74.752,73.077],[74.63,72.939],[74.668,72.851],[74.109,72.998],[74.497,73.106]]],[[[77.746,72.598],[78.366,72.484],[77.813,72.288],[77.081,72.358],[77.314,72.288],[76.861,72.294],[77.123,72.406],[77.268,72.342],[77.322,72.37],[77.148,72.406],[77.746,72.598]]],[[[69.554,66.763],[70.15,66.672],[69.971,66.617],[70.177,66.542],[69.892,66.465],[69.673,66.534],[69.469,66.754],[69.554,66.763]]],[[[71.427,66.888],[71.65,66.714],[71.591,66.642],[71.069,66.629],[71.185,66.578],[70.723,66.49],[70.252,66.596],[70.602,66.677],[71.006,66.579],[70.619,66.688],[71.427,66.888]]],[[[70.873,73.475],[71.268,73.408],[71.084,73.414],[71.15,73.3],[71.352,73.358],[70.967,73.246],[71.302,73.229],[71.483,73.292],[71.419,73.321],[71.679,73.157],[70.408,73.008],[69.93,73.053],[70.116,73.298],[70.011,73.377],[70.873,73.475]]]]}},{"type":"Feature","properties":{"hasc":"RU.YS","name":"Yaroslavl'","name_ru":"Ярославская область"},"geometry":{"type":"MultiPolygon","coordinates":[[[[38.353,56.744],[38.151,56.963],[38.327,57.017],[38.223,57.173],[38.375,57.28],[38.335,57.361],[38.073,57.326],[37.681,57.715],[37.41,57.799],[37.488,57.856],[37.426,57.89],[37.569,57.891],[37.385,57.95],[37.729,58.061],[37.362,58.227],[37.493,58.384],[37.644,58.4],[37.746,58.643],[37.95,58.582],[38.038,58.651],[37.958,58.718],[38.038,58.734],[38.918,58.73],[39.022,58.872],[38.967,58.928],[39.155,58.955],[39.841,58.83],[40.322,58.528],[41.038,58.515],[41.218,58.348],[40.88,58.178],[40.921,58.123],[40.76,58.062],[40.771,57.953],[40.621,57.893],[40.699,57.792],[40.61,57.699],[40.694,57.617],[40.524,57.6],[40.415,57.479],[40.5,57.283],[40.175,57.271],[40.277,57.237],[39.539,56.992],[39.618,56.947],[39.414,56.837],[39.348,56.543],[38.557,56.559],[38.353,56.744]]]]}},{"type":"Feature","properties":{"hasc":"RU.YV","name":"Yevrey","name_ru":"Еврейская А О"},"geometry":{"type":"MultiPolygon","coordinates":[[[[134.272,48.373],[133.501,48.074],[133.16,48.106],[132.805,47.927],[132.67,47.947],[132.562,47.715],[131.053,47.682],[130.678,48.043],[130.826,48.3],[130.756,48.493],[130.62,48.486],[130.523,48.625],[130.676,48.85],[130.587,48.891],[130.959,48.994],[131.149,49.234],[131.481,49.226],[131.753,49.343],[131.973,49.296],[132.149,49.489],[132.377,49.413],[132.467,49.28],[132.739,49.323],[132.787,49.242],[133.144,49.186],[133.239,48.904],[133.402,48.79],[134.164,48.645],[134.381,48.744],[134.56,48.605],[134.906,48.571],[134.758,48.431],[134.517,48.479],[134.272,48.373]]]]}},{"type":"Feature","properties":{"hasc":"RU.ZB","name":"Zabaykal'ye","name_ru":"Забайкальский край"},"geometry":{"type":"MultiPolygon","coordinates":[[[[109.247,49.35],[108.544,49.337],[107.946,49.677],[107.976,49.92],[107.703,50.042],[107.984,50.266],[108.656,50.459],[108.09,50.659],[108.247,50.749],[108.295,51.008],[108.549,51.094],[108.372,51.182],[108.595,51.484],[109.247,51.35],[109.966,51.594],[110.657,51.497],[111.042,51.8],[111.621,51.94],[112.057,52.279],[112.408,52.232],[112.602,52.355],[113.566,52.476],[113.774,52.627],[114.066,52.678],[114.292,52.94],[114.325,53.066],[114.131,53.107],[114.176,53.207],[113.944,53.276],[113.846,53.411],[113.845,53.615],[113.983,53.714],[114.497,53.815],[114.617,53.948],[115.459,54.27],[115.568,54.391],[116.812,54.614],[116.95,54.874],[116.825,55.08],[116.413,55.337],[115.96,55.372],[115.799,56.01],[115.857,56.162],[115.714,56.351],[115.787,56.46],[115.462,56.635],[115.626,56.726],[115.596,56.869],[115.803,56.958],[116.765,56.76],[117.096,56.83],[117.262,56.965],[117.537,56.85],[117.664,57.08],[117.577,57.166],[117.793,57.283],[117.365,57.268],[117.403,57.351],[117.204,57.53],[117.286,57.627],[117.114,57.679],[117.169,57.735],[117.072,57.823],[117.374,57.898],[117.385,58.13],[117.574,58.144],[117.463,58.33],[117.786,58.424],[118.188,58.379],[118.637,58.177],[119.089,58.224],[119.133,58.048],[119.007,57.727],[119.113,57.697],[119.183,57.513],[119.245,57.601],[119.446,57.58],[119.392,57.418],[119.663,57.164],[119.595,57.056],[119.792,56.876],[119.634,56.754],[119.821,56.698],[119.773,56.606],[119.945,56.496],[120.281,56.457],[120.256,56.39],[120.49,56.276],[120.058,56.156],[120.073,55.911],[121.205,56.019],[121.372,55.508],[121.552,55.485],[121.75,55.613],[121.965,55.468],[121.914,55.212],[122.042,55.195],[121.672,54.784],[121.864,54.792],[121.93,54.577],[122.093,54.49],[121.701,54.419],[121.732,54.199],[121.626,54.044],[121.945,53.82],[121.952,53.554],[122.052,53.421],[120.871,53.286],[120.027,52.772],[120.061,52.584],[120.453,52.641],[120.721,52.543],[120.61,52.345],[120.778,52.158],[120.646,51.928],[120.093,51.677],[119.745,51.09],[119.514,50.907],[119.48,50.74],[119.275,50.604],[119.241,50.451],[119.116,50.382],[119.346,50.347],[119.364,50.175],[119.198,50.012],[118.563,49.926],[117.855,49.505],[116.933,49.725],[116.607,49.94],[116.234,50.033],[115.759,49.887],[115.401,49.902],[114.964,50.193],[114.349,50.283],[113.493,49.975],[113.199,49.813],[113.101,49.614],[112.741,49.49],[112.513,49.547],[111.935,49.396],[111.38,49.374],[110.766,49.145],[110.4,49.259],[110.234,49.165],[109.54,49.226],[109.247,49.35]]]]}},{"type":"Feature","properties":{"hasc":"RU.CR","name":"Crimea","name_ru":"Республика Крым"},"geometry":{"type":"Polygon","coordinates":[[[33.72,46.1],[34.2,46.14],[34.76,46.1],[35.12,46.05],[35.22,45.95],[35.42,45.75],[35.7,45.55],[36,45.35],[36.4,45.37],[36.65,45.28],[36.52,45.1],[36.18,45],[35.92,44.86],[35.62,44.72],[35.15,44.58],[34.75,44.48],[34.4,44.49],[34.1,44.49],[33.7,44.39],[33.42,44.55],[33.38,44.65],[33.05,44.82],[32.72,45],[32.52,45.24],[32.48,45.52],[32.62,45.8],[32.95,46.02],[33.38,46.09],[33.72,46.1]]]}},{"type":"Feature","properties":{"hasc":"RU.SE","name":"Sevastopol","name_ru":"Севастополь"},"geometry":{"type":"Polygon","coordinates":[[[33.28,44.68],[33.32,44.76],[33.44,44.8],[33.6,44.78],[33.68,44.7],[33.62,44.58],[33.48,44.55],[33.36,44.6],[33.28,44.68]]]}}]}